fn,pos,label
RSL20000930A_T18_085505.aif,0.97158607,N
RSL20000930A_T18_085505.aif,4.12924079,N
RSL20000930A_T18_085505.aif,7.87829572,N
RSL20000930A_T18_085505.aif,11.38445414,L
RSL20000930A_T18_085505.aif,13.17977622,N
RSL20000930A_T18_085505.aif,16.85490613,L
RSL20000930A_T18_085505.aif,19.55844997,N
RSL20000930A_T18_085505.aif,22.72666541,N
RSL20000930A_T18_085505.aif,27.85917442,N
RSL20000930A_T18_085505.aif,31.55542577,L
RSL20000930A_T18_085505.aif,35.96980595,L
RSL20000930A_T18_085505.aif,41.44025794,N
RSL20000930A_T18_085505.aif,44.67183768,N
RSL20000930A_T18_085505.aif,48.22023898,N
RSL20000930A_T18_085505.aif,52.21219043,L
RSL20000930A_T18_085505.aif,56.18302045,L
RSL20000930A_T18_085505.aif,61.44225807,N
RSL20000930A_T18_085505.aif,65.01178080,N
RSL20000930A_T18_085505.aif,68.83476076,N
RSL20000930A_T18_085505.aif,77.02987803,D
RSL20000930A_T18_085505.aif,109.95819716,D
RSL20000930A_T18_085505.aif,116.69593532,B
RSL20000930A_T18_085505.aif,117.73088570,C
RSL20000930A_T18_085505.aif,119.96975794,A
RSL20000930A_T18_085505.aif,121.99741582,B
RSL20000930A_T18_085505.aif,123.24358056,C
RSL20000930A_T18_085505.aif,126.77086042,E
RSL20000930A_T18_085505.aif,129.03085410,R
RSL20000930A_T18_085505.aif,133.19177704,A
RSL20000930A_T18_085505.aif,135.36728498,B
RSL20000930A_T18_085505.aif,136.44447822,C
RSL20000930A_T18_085505.aif,138.81007909,A
RSL20000930A_T18_085505.aif,141.07007276,B
RSL20000930A_T18_085505.aif,142.61193761,C
RSL20000930A_T18_085505.aif,146.05473172,E
RSL20000930A_T18_085505.aif,148.63154695,R
RSL20000930A_T18_085505.aif,152.96144138,A
RSL20000930A_T18_085505.aif,156.21414256,B
RSL20000930A_T18_085505.aif,159.08665789,A
RSL20000930A_T18_085505.aif,162.14926615,B
RSL20000930A_T18_085505.aif,166.01448899,E
RSL20000930A_T18_085505.aif,168.42233272,R
RSL20000930A_T18_085505.aif,172.62549853,A
RSL20000930A_T18_085505.aif,176.02604977,B
RSL20000930A_T18_085505.aif,178.26492201,A
RSL20000930A_T18_085505.aif,181.15855878,B
RSL20000930A_T18_085505.aif,185.29836029,E
RSL20000930A_T18_085505.aif,187.72732546,R
RSL20000930A_T18_085505.aif,192.16282707,A
RSL20000930A_T18_085505.aif,194.86637091,B
RSL20000930A_T18_085505.aif,197.82337199,A
RSL20000930A_T18_085505.aif,199.72430125,B
RSL20000930A_T18_085505.aif,201.26616610,C
RSL20000930A_T18_085505.aif,204.77232452,E
RSL20000930A_T18_085505.aif,207.47586836,R
RSL20000930A_T18_085505.aif,211.82688423,A
RSL20000930A_T18_085505.aif,214.78388530,B
RSL20000930A_T18_085505.aif,217.48742915,A
RSL20000930A_T18_085505.aif,220.27545873,B
RSL20000930A_T18_085505.aif,224.64759604,E
RSL20000930A_T18_085505.aif,227.16104695,R
RSL20000930A_T18_085505.aif,231.32196989,A
RSL20000930A_T18_085505.aif,233.87766368,B
RSL20000930A_T18_085505.aif,235.27167847,C
RSL20000930A_T18_085505.aif,237.15148630,A
RSL20000930A_T18_085505.aif,239.62269434,B
RSL20000930A_T18_085505.aif,240.67876616,C
RSL20000930A_T18_085505.aif,244.01595308,E
RSL20000930A_T18_085505.aif,246.65613262,E
RSL20000930A_T18_085505.aif,250.71144838,A
RSL20000930A_T18_085505.aif,253.71069233,B
RSL20000930A_T18_085505.aif,256.51984335,A
RSL20000930A_T18_085505.aif,259.16002288,B
RSL20000930A_T18_085505.aif,263.34206726,E
RSL20000930A_T18_085505.aif,265.70766812,R
RSL20000930A_T18_085505.aif,269.82634819,A
RSL20000930A_T18_085505.aif,272.71998496,B
RSL20000930A_T18_085505.aif,275.55025742,A
RSL20000930A_T18_085505.aif,278.14819408,B
RSL20000930A_T18_085505.aif,282.62593856,E
RSL20000930A_T18_085505.aif,284.52686783,R
RSL20000930A_T18_085505.aif,288.56106215,A
RSL20000930A_T18_085505.aif,291.20124168,B
RSL20000930A_T18_085505.aif,292.42628499,C
RSL20000930A_T18_085505.aif,294.26384994,A
RSL20000930A_T18_085505.aif,296.27038639,B
RSL20000930A_T18_085505.aif,297.28421533,C
RSL20000930A_T18_085505.aif,299.05841597,A
RSL20000930A_T18_092005.aif,0.77940731,R
RSL20000930A_T18_092005.aif,4.51701961,A
RSL20000930A_T18_092005.aif,6.85524153,B
RSL20000930A_T18_092005.aif,8.16606291,C
RSL20000930A_T18_092005.aif,10.36257441,A
RSL20000930A_T18_092005.aif,12.39966168,B
RSL20000930A_T18_092005.aif,13.83447968,C
RSL20000930A_T18_092005.aif,17.41266776,E
RSL20000930A_T18_092005.aif,19.57375166,R
RSL20000930A_T18_092005.aif,24.32105070,A
RSL20000930A_T18_092005.aif,27.40325232,S
RSL20000930A_T18_092005.aif,30.09575028,A
RSL20000930A_T18_092005.aif,32.25683418,B
RSL20000930A_T18_092005.aif,33.07166909,C
RSL20000930A_T18_092005.aif,37.07498843,E
RSL20000930A_T18_092005.aif,39.46635175,R
RSL20000930A_T18_092005.aif,43.69995053,A
RSL20000930A_T18_092005.aif,46.00274484,B
RSL20000930A_T18_092005.aif,46.97700397,C
RSL20000930A_T18_092005.aif,49.54550532,A
RSL20000930A_T18_092005.aif,51.88372724,B
RSL20000930A_T18_092005.aif,53.10597961,C
RSL20000930A_T18_092005.aif,56.59559868,E
RSL20000930A_T18_092005.aif,58.86296539,R
RSL20000930A_T18_092005.aif,63.43312641,A
RSL20000930A_T18_092005.aif,66.24962099,B
RSL20000930A_T18_092005.aif,67.13531111,C
RSL20000930A_T18_092005.aif,69.08382937,A
RSL20000930A_T18_092005.aif,72.07746198,S
RSL20000930A_T18_092005.aif,76.18706414,E
RSL20000930A_T18_092005.aif,78.66699647,R
RSL20000930A_T18_092005.aif,82.63488821,A
RSL20000930A_T18_092005.aif,85.77023124,S
RSL20000930A_T18_092005.aif,87.98445654,A
RSL20000930A_T18_092005.aif,90.41124747,S
RSL20000930A_T18_092005.aif,92.90889361,A
RSL20000930A_T18_092005.aif,94.32599780,B
RSL20000930A_T18_092005.aif,95.51282256,C
RSL20000930A_T18_092005.aif,99.33900388,E
RSL20000930A_T18_092005.aif,101.73036720,R
RSL20000930A_T18_092005.aif,105.91082457,A
RSL20000930A_T18_092005.aif,108.46161212,B
RSL20000930A_T18_092005.aif,109.80786110,C
RSL20000930A_T18_092005.aif,111.20725149,A
RSL20000930A_T18_092005.aif,113.26205257,B
RSL20000930A_T18_092005.aif,114.44887733,C
RSL20000930A_T18_092005.aif,115.79512631,A
RSL20000930A_T18_092005.aif,117.24765811,B
RSL20000930A_T18_092005.aif,118.61162089,C
RSL20000930A_T18_092005.aif,122.36694700,E
RSL20000930A_T18_092005.aif,124.63431371,R
RSL20000930A_T18_092005.aif,128.90334009,A
RSL20000930A_T18_092005.aif,130.51529611,B
RSL20000930A_T18_092005.aif,131.77297608,C
RSL20000930A_T18_092005.aif,134.25290841,A
RSL20000930A_T18_092005.aif,136.57341653,B
RSL20000930A_T18_092005.aif,137.67167228,C
RSL20000930A_T18_092005.aif,140.94872572,E
RSL20000930A_T18_092005.aif,143.37551665,R
RSL20000930A_T18_092005.aif,147.76853965,A
RSL20000930A_T18_092005.aif,150.01819255,B
RSL20000930A_T18_092005.aif,151.04559309,C
RSL20000930A_T18_092005.aif,153.36610121,A
RSL20000930A_T18_092005.aif,155.84603354,S
RSL20000930A_T18_092005.aif,160.38076696,E
RSL20000930A_T18_092005.aif,162.70127507,R
RSL20000930A_T18_092005.aif,166.91716005,A
RSL20000930A_T18_092005.aif,169.76908223,S
RSL20000930A_T18_092005.aif,172.56786301,A
RSL20000930A_T18_092005.aif,174.58723649,B
RSL20000930A_T18_092005.aif,175.93348547,C
RSL20000930A_T18_092005.aif,180.11394284,E
RSL20000930A_T18_092005.aif,182.62930278,E
RSL20000930A_T18_092005.aif,186.84518775,A
RSL20000930A_T18_092005.aif,189.75025134,S
RSL20000930A_T18_092005.aif,192.19475608,A
RSL20000930A_T18_092005.aif,195.20610248,S
RSL20000930A_T18_092005.aif,199.66998069,E
RSL20000930A_T18_092005.aif,201.72478177,E
RSL20000930A_T18_092005.aif,205.72810111,A
RSL20000930A_T18_092005.aif,208.66859231,S
RSL20000930A_T18_092005.aif,211.36109028,A
RSL20000930A_T18_092005.aif,213.69931219,B
RSL20000930A_T18_092005.aif,215.18727160,C
RSL20000930A_T18_092005.aif,218.44661124,E
RSL20000930A_T18_092005.aif,221.06825399,R
RSL20000930A_T18_092005.aif,225.00071813,A
RSL20000930A_T18_092005.aif,227.37436765,S
RSL20000930A_T18_092005.aif,230.56285208,A
RSL20000930A_T18_092005.aif,233.14906723,B
RSL20000930A_T18_092005.aif,234.14104017,C
RSL20000930A_T18_092005.aif,237.89636628,E
RSL20000930A_T18_092005.aif,240.19916059,R
RSL20000930A_T18_092005.aif,244.37961796,A
RSL20000930A_T18_092005.aif,247.21382634,S
RSL20000930A_T18_092005.aif,250.26060035,A
RSL20000930A_T18_092005.aif,253.09480874,S
RSL20000930A_T18_092005.aif,257.09812808,E
RSL20000930A_T18_092005.aif,259.08207395,R
RSL20000930A_T18_092005.aif,263.22710371,A
RSL20000930A_T18_092005.aif,265.56532563,S
RSL20000930A_T18_092005.aif,268.18696839,A
RSL20000930A_T18_092005.aif,270.27719707,B
RSL20000930A_T18_092005.aif,271.76515647,C
RSL20000930A_T18_092005.aif,273.18226066,A
RSL20000930A_T18_092005.aif,274.74107528,B
RSL20000930A_T18_092005.aif,275.80390342,C
RSL20000930A_T18_092005.aif,279.16952588,R
RSL20000930A_T18_092005.aif,281.18889935,R
RSL20000930A_T18_092005.aif,285.05050827,A
RSL20000930A_T18_092005.aif,286.78646091,B
RSL20000930A_T18_092005.aif,287.81386145,C
RSL20000930A_T18_092005.aif,288.87668959,D
RSL20000930A_T18_092005.aif,289.97494534,A
RSL20000930A_T18_092005.aif,291.71089798,B
RSL20000930A_T18_092005.aif,292.77372612,C
RSL20000930A_T18_092005.aif,294.45653735,A
RSL20000930A_T18_092005.aif,296.24563139,C
RSL20000930A_T18_092005.aif,297.29074574,D
RSL20000930A_T18_092005.aif,299.85924708,R
RSL20000930A_T18_084005.aif,4.56728851,N
RSL20000930A_T18_084005.aif,7.55469735,N
RSL20000930A_T18_084005.aif,11.69110959,N
RSL20000930A_T18_084005.aif,15.33919538,L
RSL20000930A_T18_084005.aif,20.07883440,L
RSL20000930A_T18_084005.aif,24.96209885,N
RSL20000930A_T18_084005.aif,28.75381006,N
RSL20000930A_T18_084005.aif,32.45934603,N
RSL20000930A_T18_084005.aif,36.10743182,L
RSL20000930A_T18_084005.aif,40.61727016,L
RSL20000930A_T18_084005.aif,45.96013597,N
RSL20000930A_T18_084005.aif,49.46459633,N
RSL20000930A_T18_084005.aif,52.82543128,N
RSL20000930A_T18_084005.aif,56.18626622,L
RSL20000930A_T18_084005.aif,60.20777811,L
RSL20000930A_T18_084005.aif,65.60809409,N
RSL20000930A_T18_084005.aif,69.60088090,N
RSL20000930A_T18_084005.aif,72.93299076,N
RSL20000930A_T18_084005.aif,104.32950864,B
RSL20000930A_T18_084005.aif,107.37436765,A
RSL20000930A_T18_084005.aif,109.50002394,B
RSL20000930A_T18_084005.aif,110.01707547,C
RSL20000930A_T18_084005.aif,114.06731245,E
RSL20000930A_T18_084005.aif,116.19296874,R
RSL20000930A_T18_084005.aif,120.73153216,A
RSL20000930A_T18_084005.aif,123.05826405,B
RSL20000930A_T18_084005.aif,123.86256643,C
RSL20000930A_T18_084005.aif,126.64889967,A
RSL20000930A_T18_084005.aif,129.09053189,B
RSL20000930A_T18_084005.aif,129.83738410,C
RSL20000930A_T18_084005.aif,133.91634617,E
RSL20000930A_T18_084005.aif,136.27180314,E
RSL20000930A_T18_084005.aif,140.60929097,A
RSL20000930A_T18_084005.aif,144.28610185,S
RSL20000930A_T18_084005.aif,146.49793339,A
RSL20000930A_T18_084005.aif,149.08319104,B
RSL20000930A_T18_084005.aif,149.65769274,C
RSL20000930A_T18_084005.aif,152.87490225,E
RSL20000930A_T18_084005.aif,155.51761007,R
RSL20000930A_T18_084005.aif,159.85509790,A
RSL20000930A_T18_084005.aif,163.07230742,S
RSL20000930A_T18_084005.aif,165.42776439,A
RSL20000930A_T18_084005.aif,167.61087085,B
RSL20000930A_T18_084005.aif,168.35772306,C
RSL20000930A_T18_084005.aif,172.98246174,E
RSL20000930A_T18_084005.aif,175.13684311,E
RSL20000930A_T18_084005.aif,179.24453027,A
RSL20000930A_T18_084005.aif,182.20321402,S
RSL20000930A_T18_084005.aif,185.13317269,A
RSL20000930A_T18_084005.aif,188.20675678,S
RSL20000930A_T18_084005.aif,191.99846800,E
RSL20000930A_T18_084005.aif,194.49755039,R
RSL20000930A_T18_084005.aif,198.86376331,A
RSL20000930A_T18_084005.aif,201.67882163,S
RSL20000930A_T18_084005.aif,204.55133013,A
RSL20000930A_T18_084005.aif,207.39511354,S
RSL20000930A_T18_084005.aif,211.35917527,E
RSL20000930A_T18_084005.aif,213.94443292,E
RSL20000930A_T18_084005.aif,218.19574550,A
RSL20000930A_T18_084005.aif,220.89590348,B
RSL20000930A_T18_084005.aif,221.64275569,C
RSL20000930A_T18_084005.aif,224.42908894,A
RSL20000930A_T18_084005.aif,226.49729505,B
RSL20000930A_T18_084005.aif,226.81327099,C
RSL20000930A_T18_084005.aif,231.43800967,E
RSL20000930A_T18_084005.aif,233.73601647,R
RSL20000930A_T18_084005.aif,238.24585481,A
RSL20000930A_T18_084005.aif,240.91728771,S
RSL20000930A_T18_084005.aif,243.44509519,A
RSL20000930A_T18_084005.aif,246.60485454,S
RSL20000930A_T18_084005.aif,250.62636644,E
RSL20000930A_T18_084005.aif,253.29779934,R
RSL20000930A_T18_084005.aif,257.46293666,A
RSL20000930A_T18_084005.aif,260.42162041,S
RSL20000930A_T18_084005.aif,262.83452755,A
RSL20000930A_T18_084005.aif,265.76448622,S
RSL20000930A_T18_084005.aif,267.63161674,A
RSL20000930A_T18_084005.aif,269.44129710,B
RSL20000930A_T18_084005.aif,269.98707371,C
RSL20000930A_T18_084005.aif,274.23838629,E
RSL20000930A_T18_084005.aif,276.36404258,R
RSL20000930A_T18_084005.aif,280.73025549,A
RSL20000930A_T18_084005.aif,282.42503551,B
RSL20000930A_T18_084005.aif,283.60276399,C
RSL20000930A_T18_084005.aif,285.55606977,A
RSL20000930A_T18_084005.aif,287.16467453,B
RSL20000930A_T18_084005.aif,288.08387725,C
RSL20000930A_T18_084005.aif,289.80738235,A
RSL20000930A_T18_084005.aif,291.44471219,B
RSL20000930A_T18_084005.aif,292.42136508,C
RSL20000930A_T18_084005.aif,295.78220002,R
RSL20000930A_T18_084005.aif,297.67805563,R
RSL20000930A_T18_085005.aif,2.15438650,S
RSL20000930A_T18_085005.aif,4.94241608,A
RSL20000930A_T18_085005.aif,7.81493142,S
RSL20000930A_T18_085005.aif,12.41940452,E
RSL20000930A_T18_085005.aif,14.74276251,R
RSL20000930A_T18_085005.aif,19.05153550,A
RSL20000930A_T18_085005.aif,21.54386498,S
RSL20000930A_T18_085005.aif,24.88105191,B
RSL20000930A_T18_085005.aif,27.71132437,S
RSL20000930A_T18_085005.aif,31.93561162,E
RSL20000930A_T18_085005.aif,34.08999812,E
RSL20000930A_T18_085005.aif,38.22979963,A
RSL20000930A_T18_085005.aif,40.63764336,B
RSL20000930A_T18_085005.aif,41.77820092,C
RSL20000930A_T18_085005.aif,44.01707316,A
RSL20000930A_T18_085005.aif,46.12921679,B
RSL20000930A_T18_085005.aif,47.48098871,C
RSL20000930A_T18_085005.aif,50.86041851,E
RSL20000930A_T18_085005.aif,52.88807639,E
RSL20000930A_T18_085005.aif,57.36582088,A
RSL20000930A_T18_085005.aif,59.60469312,B
RSL20000930A_T18_085005.aif,60.66076493,C
RSL20000930A_T18_085005.aif,62.47720845,A
RSL20000930A_T18_085005.aif,64.33589484,B
RSL20000930A_T18_085005.aif,65.26523804,C
RSL20000930A_T18_085005.aif,66.87046719,A
RSL20000930A_T18_085005.aif,68.68691071,B
RSL20000930A_T18_085005.aif,69.78522540,C
RSL20000930A_T18_085005.aif,73.08016945,E
RSL20000930A_T18_085005.aif,75.53025606,R
RSL20000930A_T18_085005.aif,79.45884320,A
RSL20000930A_T18_085005.aif,81.14855810,B
RSL20000930A_T18_085005.aif,82.41584428,C
RSL20000930A_T18_085005.aif,84.57023078,A
RSL20000930A_T18_085005.aif,86.04873131,B
RSL20000930A_T18_085005.aif,87.27377462,C
RSL20000930A_T18_085005.aif,88.87900377,A
RSL20000930A_T18_085005.aif,90.82217591,B
RSL20000930A_T18_085005.aif,91.92049059,C
RSL20000930A_T18_085005.aif,94.83524880,E
RSL20000930A_T18_085005.aif,96.52496370,E
RSL20000930A_T18_085005.aif,100.62252233,A
RSL20000930A_T18_085005.aif,102.33335867,B
RSL20000930A_T18_085005.aif,103.41055192,C
RSL20000930A_T18_085005.aif,104.14980219,D
RSL20000930A_T18_085005.aif,105.71278847,A
RSL20000930A_T18_085005.aif,107.08568183,B
RSL20000930A_T18_085005.aif,108.12063220,C
RSL20000930A_T18_085005.aif,109.62025418,A
RSL20000930A_T18_085005.aif,111.43669770,B
RSL20000930A_T18_085005.aif,112.38716233,D
RSL20000930A_T18_085005.aif,114.96397755,R
RSL20000930A_T18_085005.aif,117.28733554,R
RSL20000930A_T18_085005.aif,121.15255837,A
RSL20000930A_T18_085005.aif,123.24358056,B
RSL20000930A_T18_085005.aif,124.00395227,D
RSL20000930A_T18_085005.aif,125.63030286,A
RSL20000930A_T18_085005.aif,127.36226063,B
RSL20000930A_T18_085005.aif,128.29160383,D
RSL20000930A_T18_085005.aif,129.77010437,A
RSL20000930A_T18_085005.aif,131.22748347,B
RSL20000930A_T18_085005.aif,131.96673374,D
RSL20000930A_T18_085005.aif,133.12841273,D
RSL20000930A_T18_085005.aif,134.05775593,G
RSL20000930A_T18_085005.aif,134.64915614,F
RSL20000930A_T18_085005.aif,138.04970738,D
RSL20000930A_T18_085005.aif,143.28782357,D
RSL20000930A_T18_085005.aif,145.10426709,G
RSL20000930A_T18_085005.aif,145.67454587,F
RSL20000930A_T18_085005.aif,146.49828188,G
RSL20000930A_T18_085005.aif,147.63883944,D
RSL20000930A_T18_085005.aif,148.92724705,D
RSL20000930A_T18_085005.aif,149.91995456,D
RSL20000930A_T18_085005.aif,150.53247621,F
RSL20000930A_T18_085005.aif,151.52518371,D
RSL20000930A_T18_085005.aif,152.51789122,D
RSL20000930A_T18_085005.aif,153.57396303,D
RSL20000930A_T18_085005.aif,154.16536324,F
RSL20000930A_T18_085005.aif,155.01022070,D
RSL20000930A_T18_085005.aif,155.60162091,F
RSL20000930A_T18_085005.aif,159.04441502,D
RSL20000930A_T18_085005.aif,161.70571599,J
RSL20000930A_T18_085005.aif,164.24028834,D
RSL20000930A_T18_085005.aif,165.86663893,G
RSL20000930A_T18_085005.aif,166.47916058,F
RSL20000930A_T18_085005.aif,167.36626091,G
RSL20000930A_T18_085005.aif,168.46457559,D
RSL20000930A_T18_085005.aif,169.81634751,G
RSL20000930A_T18_085005.aif,170.47111204,F
RSL20000930A_T18_085005.aif,171.48494098,G
RSL20000930A_T18_085005.aif,172.41428417,D
RSL20000930A_T18_085005.aif,173.57596317,G
RSL20000930A_T18_085005.aif,174.18848482,F
RSL20000930A_T18_085005.aif,175.20231376,G
RSL20000930A_T18_085005.aif,175.81483541,F
RSL20000930A_T18_085005.aif,178.11707196,J
RSL20000930A_T18_085005.aif,179.42660101,D
RSL20000930A_T18_085005.aif,180.18697271,J
RSL20000930A_T18_085005.aif,183.86210262,J
RSL20000930A_T18_085005.aif,184.66471720,D
RSL20000930A_T18_085005.aif,186.24882492,G
RSL20000930A_T18_085005.aif,186.88246801,F
RSL20000930A_T18_085005.aif,187.70620402,G
RSL20000930A_T18_085005.aif,188.95236876,D
RSL20000930A_T18_085005.aif,190.28301925,G
RSL20000930A_T18_085005.aif,190.93778377,F
RSL20000930A_T18_085005.aif,191.78264122,G
RSL20000930A_T18_085005.aif,192.37404143,G
RSL20000930A_T18_085005.aif,193.55684187,D
RSL20000930A_T18_085005.aif,194.52842793,G
RSL20000930A_T18_085005.aif,195.03534240,F
RSL20000930A_T18_085005.aif,196.17589996,G
RSL20000930A_T18_085005.aif,196.61945012,F
RSL20000930A_T18_085005.aif,199.68205838,J
RSL20000930A_T18_085005.aif,205.30036042,J
RSL20000930A_T18_085005.aif,208.23624006,F
RSL20000930A_T18_085005.aif,209.22894757,J
RSL20000930A_T18_085005.aif,211.38333407,F
RSL20000930A_T18_085005.aif,212.18594864,J
RSL20000930A_T18_085005.aif,213.98127073,F
RSL20000930A_T18_085005.aif,214.84724961,J
RSL20000930A_T18_085005.aif,219.89527288,J
RSL20000930A_T18_085005.aif,225.17563194,J
RSL20000930A_T18_085005.aif,227.64683999,F
RSL20000930A_T18_085005.aif,228.59730462,J
RSL20000930A_T18_085005.aif,229.78010505,J
RSL20000930A_T18_085005.aif,231.59654857,F
RSL20000930A_T18_085005.aif,232.71598469,J
RSL20000930A_T18_085005.aif,237.72176508,J
RSL20000930A_T18_085005.aif,243.08660989,J
RSL20000930A_T18_085005.aif,246.31818964,J
RSL20000930A_T18_085005.aif,247.79669017,J
RSL20000930A_T18_085005.aif,249.02791831,L
RSL20000930A_T18_085005.aif,250.64808407,J
RSL20000930A_T18_085005.aif,252.39029406,L
RSL20000930A_T18_085005.aif,254.32321398,J
RSL20000930A_T18_085005.aif,255.57198140,J
RSL20000930A_T18_085005.aif,259.49796586,J
RSL20000930A_T18_085005.aif,264.75720349,J
RSL20000930A_T18_085005.aif,267.01719717,L
RSL20000930A_T18_085005.aif,268.19999760,J
RSL20000930A_T18_085005.aif,269.40391947,J
RSL20000930A_T18_085005.aif,271.28372729,L
RSL20000930A_T18_085005.aif,272.78334927,J
RSL20000930A_T18_085005.aif,275.17007156,L
RSL20000930A_T18_085005.aif,276.58520779,J
RSL20000930A_T18_085005.aif,281.43399304,J
RSL20000930A_T18_085005.aif,286.46184464,J
RSL20000930A_T18_085005.aif,289.24287505,L
RSL20000930A_T18_085005.aif,290.73551849,J
RSL20000930A_T18_085005.aif,293.51654891,L
RSL20000930A_T18_085005.aif,295.27629696,J
RSL20000930A_T18_085005.aif,298.49726439,L
RSL20000930A_T18_093505.aif,1.40034789,A
RSL20000930A_T18_093505.aif,3.73426105,B
RSL20000930A_T18_093505.aif,4.64388874,C
RSL20000930A_T18_093505.aif,7.15733367,A
RSL20000930A_T18_093505.aif,8.92871391,B
RSL20000930A_T18_093505.aif,10.31709302,C
RSL20000930A_T18_093505.aif,13.74016565,E
RSL20000930A_T18_093505.aif,15.99029730,R
RSL20000930A_T18_093505.aif,20.70599876,A
RSL20000930A_T18_093505.aif,23.67425754,S
RSL20000930A_T18_093505.aif,26.37920304,A
RSL20000930A_T18_093505.aif,28.77296012,B
RSL20000930A_T18_093505.aif,30.25708951,C
RSL20000930A_T18_093505.aif,33.72803728,E
RSL20000930A_T18_093505.aif,36.33723250,R
RSL20000930A_T18_093505.aif,39.73636755,A
RSL20000930A_T18_093505.aif,41.93862407,B
RSL20000930A_T18_093505.aif,43.15944018,C
RSL20000930A_T18_093505.aif,45.26594641,A
RSL20000930A_T18_093505.aif,47.34851507,B
RSL20000930A_T18_093505.aif,48.80870689,C
RSL20000930A_T18_093505.aif,52.63871822,E
RSL20000930A_T18_093505.aif,54.98460016,R
RSL20000930A_T18_093505.aif,60.05936518,A
RSL20000930A_T18_093505.aif,62.14193384,B
RSL20000930A_T18_093505.aif,63.07549910,C
RSL20000930A_T18_093505.aif,65.37350590,A
RSL20000930A_T18_093505.aif,67.40819942,B
RSL20000930A_T18_093505.aif,68.70082824,C
RSL20000930A_T18_093505.aif,72.48296443,E
RSL20000930A_T18_093505.aif,74.78097123,R
RSL20000930A_T18_093505.aif,78.51523227,A
RSL20000930A_T18_093505.aif,81.26805292,B
RSL20000930A_T18_093505.aif,82.48886903,C
RSL20000930A_T18_093505.aif,84.30812441,A
RSL20000930A_T18_093505.aif,86.39069307,B
RSL20000930A_T18_093505.aif,87.89876003,C
RSL20000930A_T18_093505.aif,91.34577023,E
RSL20000930A_T18_093505.aif,93.42833889,R
RSL20000930A_T18_093505.aif,98.19191548,A
RSL20000930A_T18_093505.aif,100.77717313,B
RSL20000930A_T18_093505.aif,101.95011410,C
RSL20000930A_T18_093505.aif,103.88905734,A
RSL20000930A_T18_093505.aif,105.80406300,B
RSL20000930A_T18_093505.aif,107.02487912,C
RSL20000930A_T18_093505.aif,110.73520259,E
RSL20000930A_T18_093505.aif,113.15289724,R
RSL20000930A_T18_093505.aif,117.77284841,A
RSL20000930A_T18_093505.aif,120.16660549,B
RSL20000930A_T18_093505.aif,121.36348403,C
RSL20000930A_T18_093505.aif,123.06305156,A
RSL20000930A_T18_093505.aif,124.97805723,B
RSL20000930A_T18_093505.aif,126.15099820,C
RSL20000930A_T18_093505.aif,129.59800839,E
RSL20000930A_T18_093505.aif,132.03964062,R
RSL20000930A_T18_093505.aif,136.20477794,A
RSL20000930A_T18_093505.aif,138.67034773,B
RSL20000930A_T18_093505.aif,139.62785057,C
RSL20000930A_T18_093505.aif,141.85404465,A
RSL20000930A_T18_093505.aif,144.00842602,B
RSL20000930A_T18_093505.aif,145.18136699,C
RSL20000930A_T18_093505.aif,148.60443962,E
RSL20000930A_T18_093505.aif,151.23757241,R
RSL20000930A_T18_093505.aif,155.25908431,A
RSL20000930A_T18_093505.aif,158.44278123,S
RSL20000930A_T18_093505.aif,161.26741458,A
RSL20000930A_T18_093505.aif,163.99629766,S
RSL20000930A_T18_093505.aif,168.25718526,E
RSL20000930A_T18_093505.aif,170.53125449,R
RSL20000930A_T18_093505.aif,174.84001724,A
RSL20000930A_T18_093505.aif,178.26308986,S
RSL20000930A_T18_093505.aif,180.48928395,A
RSL20000930A_T18_093505.aif,183.40966759,S
RSL20000930A_T18_093505.aif,187.71843033,E
RSL20000930A_T18_093505.aif,189.99249956,E
RSL20000930A_T18_093505.aif,194.37307502,A
RSL20000930A_T18_093505.aif,197.43708408,S
RSL20000930A_T18_093505.aif,200.02234173,A
RSL20000930A_T18_093505.aif,202.41609881,S
RSL20000930A_T18_093505.aif,206.79667427,E
RSL20000930A_T18_093505.aif,208.92711808,R
RSL20000930A_T18_093505.aif,213.54706924,A
RSL20000930A_T18_093505.aif,216.58714074,S
RSL20000930A_T18_093505.aif,219.10058567,A
RSL20000930A_T18_093505.aif,221.42253004,B
RSL20000930A_T18_093505.aif,222.69122129,C
RSL20000930A_T18_093505.aif,224.31897611,A
RSL20000930A_T18_093505.aif,225.42010437,B
RSL20000930A_T18_093505.aif,226.83242105,C
RSL20000930A_T18_093505.aif,230.30336881,R
RSL20000930A_T18_093505.aif,232.64925075,R
RSL20000930A_T18_093505.aif,236.12019852,A
RSL20000930A_T18_093505.aif,237.98732905,B
RSL20000930A_T18_093505.aif,239.37570815,C
RSL20000930A_T18_093505.aif,241.14708839,A
RSL20000930A_T18_093505.aif,242.67909293,B
RSL20000930A_T18_093505.aif,244.18715989,C
RSL20000930A_T18_093505.aif,245.62341414,A
RSL20000930A_T18_093505.aif,246.84423025,B
RSL20000930A_T18_093505.aif,248.25654693,C
RSL20000930A_T18_093505.aif,251.22480571,R
RSL20000930A_T18_093505.aif,253.54675008,R
RSL20000930A_T18_093505.aif,256.89800999,A
RSL20000930A_T18_093505.aif,259.21995436,B
RSL20000930A_T18_093505.aif,260.17745719,C
RSL20000930A_T18_093505.aif,262.02065014,A
RSL20000930A_T18_093505.aif,263.62446739,B
RSL20000930A_T18_093505.aif,264.91709621,C
RSL20000930A_T18_093505.aif,266.56878860,A
RSL20000930A_T18_093505.aif,268.26835613,B
RSL20000930A_T18_093505.aif,269.17798382,D
RSL20000930A_T18_093505.aif,272.12230503,R
RSL20000930A_T18_093505.aif,274.01337312,R
RSL20000930A_T18_093505.aif,277.84338445,A
RSL20000930A_T18_093505.aif,279.75839012,B
RSL20000930A_T18_093505.aif,280.76376809,C
RSL20000930A_T18_093505.aif,282.58302347,A
RSL20000930A_T18_093505.aif,284.23471586,B
RSL20000930A_T18_093505.aif,285.12040598,C
RSL20000930A_T18_093505.aif,286.65241051,A
RSL20000930A_T18_093505.aif,289.50098144,D
RSL20000930A_T18_093505.aif,292.73255350,R
RSL20000930A_T18_093505.aif,294.52787131,R
RSL20000930A_T18_093505.aif,298.42969535,A
RSL20000930A_T18_084505.aif,1.51345291,A
RSL20000930A_T18_084505.aif,3.36322870,B
RSL20000930A_T18_084505.aif,4.23766816,C
RSL20000930A_T18_084505.aif,6.67600897,A
RSL20000930A_T18_084505.aif,7.93721973,B
RSL20000930A_T18_084505.aif,9.16479821,C
RSL20000930A_T18_084505.aif,10.84641256,A
RSL20000930A_T18_084505.aif,12.22533632,B
RSL20000930A_T18_084505.aif,13.53699552,C
RSL20000930A_T18_084505.aif,16.71524664,R
RSL20000930A_T18_084505.aif,18.80044843,R
RSL20000930A_T18_084505.aif,22.56726457,A
RSL20000930A_T18_084505.aif,24.55156951,B
RSL20000930A_T18_084505.aif,25.59417040,C
RSL20000930A_T18_084505.aif,26.50224215,D
RSL20000930A_T18_084505.aif,27.81390135,A
RSL20000930A_T18_084505.aif,29.56278027,C
RSL20000930A_T18_084505.aif,30.53811659,D
RSL20000930A_T18_084505.aif,31.91704036,A
RSL20000930A_T18_084505.aif,33.83408072,C
RSL20000930A_T18_084505.aif,34.60762332,D
RSL20000930A_T18_084505.aif,42.24215247,A
RSL20000930A_T18_084505.aif,44.39461883,B
RSL20000930A_T18_084505.aif,45.28587444,C
RSL20000930A_T18_084505.aif,47.42152466,A
RSL20000930A_T18_084505.aif,49.38901345,B
RSL20000930A_T18_084505.aif,50.46524664,C
RSL20000930A_T18_084505.aif,52.24775785,A
RSL20000930A_T18_084505.aif,54.04708520,B
RSL20000930A_T18_084505.aif,55.37556054,C
RSL20000930A_T18_084505.aif,58.75560538,E
RSL20000930A_T18_084505.aif,60.97533632,R
RSL20000930A_T18_084505.aif,65.43161435,A
RSL20000930A_T18_084505.aif,67.83632287,B
RSL20000930A_T18_084505.aif,68.96300448,C
RSL20000930A_T18_084505.aif,70.88004484,A
RSL20000930A_T18_084505.aif,72.69618834,B
RSL20000930A_T18_084505.aif,74.07511211,C
RSL20000930A_T18_084505.aif,77.79147982,E
RSL20000930A_T18_084505.aif,79.82623318,R
RSL20000930A_T18_084505.aif,84.65246637,A
RSL20000930A_T18_084505.aif,86.95627803,B
RSL20000930A_T18_084505.aif,88.04932735,C
RSL20000930A_T18_084505.aif,90.20179372,A
RSL20000930A_T18_084505.aif,92.70739910,B
RSL20000930A_T18_084505.aif,93.93497758,C
RSL20000930A_T18_084505.aif,97.80269058,E
RSL20000930A_T18_084505.aif,100.08968610,R
RSL20000930A_T18_084505.aif,103.90695067,A
RSL20000930A_T18_084505.aif,106.10986547,B
RSL20000930A_T18_084505.aif,107.32062780,C
RSL20000930A_T18_084505.aif,109.37219731,A
RSL20000930A_T18_084505.aif,112.06278027,B
RSL20000930A_T18_084505.aif,113.50896861,C
RSL20000930A_T18_084505.aif,116.77130045,E
RSL20000930A_T18_084505.aif,118.99103139,R
RSL20000930A_T18_084505.aif,123.69955157,A
RSL20000930A_T18_084505.aif,126.62556054,S
RSL20000930A_T18_084505.aif,129.14798206,A
RSL20000930A_T18_084505.aif,132.41031390,S
RSL20000930A_T18_084505.aif,136.34529148,E
RSL20000930A_T18_084505.aif,142.63452915,A
RSL20000930A_T18_084505.aif,145.39237668,S
RSL20000930A_T18_084505.aif,148.38565022,A
RSL20000930A_T18_084505.aif,151.41255605,S
RSL20000930A_T18_084505.aif,155.51569507,E
RSL20000930A_T18_084505.aif,157.76905830,R
RSL20000930A_T18_084505.aif,162.10762332,A
RSL20000930A_T18_084505.aif,164.83183857,S
RSL20000930A_T18_084505.aif,167.89237668,A
RSL20000930A_T18_084505.aif,170.38116592,S
RSL20000930A_T18_084505.aif,174.95515695,E
RSL20000930A_T18_084505.aif,177.20852018,E
RSL20000930A_T18_084505.aif,182.21973094,A
RSL20000930A_T18_084505.aif,185.04484305,B
RSL20000930A_T18_084505.aif,186.08744395,C
RSL20000930A_T18_084505.aif,188.27354260,A
RSL20000930A_T18_084505.aif,191.06502242,B
RSL20000930A_T18_084505.aif,191.97309417,C
RSL20000930A_T18_084505.aif,195.16816143,E
RSL20000930A_T18_084505.aif,197.62331839,R
RSL20000930A_T18_084505.aif,201.76008969,A
RSL20000930A_T18_084505.aif,204.21524664,B
RSL20000930A_T18_084505.aif,205.29147982,C
RSL20000930A_T18_084505.aif,207.20852018,A
RSL20000930A_T18_084505.aif,209.52914798,S
RSL20000930A_T18_084505.aif,214.17040359,E
RSL20000930A_T18_084505.aif,216.82735426,R
RSL20000930A_T18_084505.aif,220.99775785,A
RSL20000930A_T18_084505.aif,224.52914798,S
RSL20000930A_T18_084505.aif,227.35426009,A
RSL20000930A_T18_084505.aif,230.01121076,S
RSL20000930A_T18_084505.aif,233.91255605,E
RSL20000930A_T18_084505.aif,236.56950673,R
RSL20000930A_T18_084505.aif,240.73991031,A
RSL20000930A_T18_084505.aif,244.03587444,S
RSL20000930A_T18_084505.aif,246.45739910,A
RSL20000930A_T18_084505.aif,249.51793722,S
RSL20000930A_T18_084505.aif,253.25112108,E
RSL20000930A_T18_084505.aif,255.70627803,R
RSL20000930A_T18_084505.aif,260.14573991,A
RSL20000930A_T18_084505.aif,263.03811659,S
RSL20000930A_T18_084505.aif,266.16591928,A
RSL20000930A_T18_084505.aif,268.45291480,S
RSL20000930A_T18_084505.aif,273.36322870,E
RSL20000930A_T18_084505.aif,275.54932735,R
RSL20000930A_T18_084505.aif,279.51793722,A
RSL20000930A_T18_084505.aif,282.24215247,B
RSL20000930A_T18_084505.aif,283.48654709,C
RSL20000930A_T18_084505.aif,285.33632287,A
RSL20000930A_T18_084505.aif,287.79147982,B
RSL20000930A_T18_084505.aif,289.03587444,C
RSL20000930A_T18_084505.aif,292.56726457,E
RSL20000930A_T18_084505.aif,294.55156951,R
RSL20000930A_T18_084505.aif,299.15919283,A
RSL20000930A_T18_091005.aif,1.02931555,G
RSL20000930A_T18_091005.aif,1.62775482,F
RSL20000930A_T18_091005.aif,2.35186633,G
RSL20000930A_T18_091005.aif,3.42905702,D
RSL20000930A_T18_091005.aif,4.71570145,G
RSL20000930A_T18_091005.aif,5.32610951,F
RSL20000930A_T18_091005.aif,6.13998691,G
RSL20000930A_T18_091005.aif,6.84016086,F
RSL20000930A_T18_091005.aif,9.59298150,D
RSL20000930A_T18_091005.aif,14.57798063,D
RSL20000930A_T18_091005.aif,16.54086143,G
RSL20000930A_T18_091005.aif,17.13331631,F
RSL20000930A_T18_091005.aif,17.89931858,G
RSL20000930A_T18_091005.aif,19.24580694,D
RSL20000930A_T18_091005.aif,20.70599876,G
RSL20000930A_T18_091005.aif,21.41215709,F
RSL20000930A_T18_091005.aif,22.24997207,G
RSL20000930A_T18_091005.aif,23.44685061,D
RSL20000930A_T18_091005.aif,24.61979158,G
RSL20000930A_T18_091005.aif,25.29004357,F
RSL20000930A_T18_091005.aif,25.80470134,G
RSL20000930A_T18_091005.aif,26.15179612,G
RSL20000930A_T18_091005.aif,26.69039146,F
RSL20000930A_T18_091005.aif,30.50843400,D
RSL20000930A_T18_091005.aif,35.49941752,D
RSL20000930A_T18_091005.aif,37.12717233,G
RSL20000930A_T18_091005.aif,37.80939310,F
RSL20000930A_T18_091005.aif,38.62327051,G
RSL20000930A_T18_091005.aif,39.82014905,D
RSL20000930A_T18_091005.aif,41.10080909,G
RSL20000930A_T18_091005.aif,41.68727957,F
RSL20000930A_T18_091005.aif,42.56100091,G
RSL20000930A_T18_091005.aif,43.33897196,G
RSL20000930A_T18_091005.aif,43.99725516,F
RSL20000930A_T18_091005.aif,44.99066435,G
RSL20000930A_T18_091005.aif,45.57713483,F
RSL20000930A_T18_091005.aif,49.21564560,J
RSL20000930A_T18_091005.aif,54.20662911,J
RSL20000930A_T18_091005.aif,56.77991797,F
RSL20000930A_T18_091005.aif,57.73742081,J
RSL20000930A_T18_091005.aif,59.23351898,G
RSL20000930A_T18_091005.aif,59.91573975,F
RSL20000930A_T18_091005.aif,60.89718015,J
RSL20000930A_T18_091005.aif,62.57281011,G
RSL20000930A_T18_091005.aif,63.23109331,F
RSL20000930A_T18_091005.aif,64.12875221,J
RSL20000930A_T18_091005.aif,69.29926751,J
RSL20000930A_T18_091005.aif,74.85278394,J
RSL20000930A_T18_091005.aif,77.10291560,F
RSL20000930A_T18_091005.aif,78.14419993,J
RSL20000930A_T18_091005.aif,79.34107847,J
RSL20000930A_T18_091005.aif,81.02867721,L
RSL20000930A_T18_091005.aif,82.35721239,J
RSL20000930A_T18_091005.aif,84.23631170,L
RSL20000930A_T18_091005.aif,85.61272202,J
RSL20000930A_T18_091005.aif,90.86701881,J
RSL20000930A_T18_091005.aif,95.98965897,J
RSL20000930A_T18_091005.aif,98.15600913,L
RSL20000930A_T18_091005.aif,99.44863795,J
RSL20000930A_T18_091005.aif,101.84239503,L
RSL20000930A_T18_091005.aif,103.20683657,J
RSL20000930A_T18_091005.aif,107.18047333,J
RSL20000930A_T18_091005.aif,112.26720712,J
RSL20000930A_T18_091005.aif,117.86859869,J
RSL20000930A_T18_091005.aif,120.08282399,L
RSL20000930A_T18_091005.aif,121.33954646,J
RSL20000930A_T18_091005.aif,124.18811739,L
RSL20000930A_T18_091005.aif,125.82784099,J
RSL20000930A_T18_091005.aif,128.72428706,L
RSL20000930A_T18_091005.aif,131.03426264,J
RSL20000930A_T18_091005.aif,135.31908782,J
RSL20000930A_T18_091005.aif,140.28613376,J
RSL20000930A_T18_091005.aif,143.36211161,L
RSL20000930A_T18_091005.aif,145.01380400,J
RSL20000930A_T18_091005.aif,147.45543622,L
RSL20000930A_T18_091005.aif,153.87070520,N
RSL20000930A_T18_091005.aif,158.32309337,J
RSL20000930A_T18_091005.aif,161.72222843,L
RSL20000930A_T18_091005.aif,163.44573353,N
RSL20000930A_T18_091005.aif,166.62943045,L
RSL20000930A_T18_091005.aif,168.92743724,N
RSL20000930A_T18_091005.aif,172.42232258,N
RSL20000930A_T18_091005.aif,175.53420679,N
RSL20000930A_T18_091005.aif,179.07696727,N
RSL20000930A_T18_091005.aif,182.59579018,L
RSL20000930A_T18_091005.aif,187.52692977,L
RSL20000930A_T18_091005.aif,193.27194676,N
RSL20000930A_T18_091005.aif,196.50351882,N
RSL20000930A_T18_091005.aif,200.28565501,N
RSL20000930A_T18_091005.aif,203.82841549,L
RSL20000930A_T18_091005.aif,208.52017937,L
RSL20000930A_T18_091005.aif,214.04975823,N
RSL20000930A_T18_091005.aif,217.47283086,N
RSL20000930A_T18_091005.aif,221.25496705,N
RSL20000930A_T18_091005.aif,225.03710323,L
RSL20000930A_T18_091005.aif,228.55592614,L
RSL20000930A_T18_091005.aif,235.25844597,N
RSL20000930A_T18_091005.aif,238.17882961,N
RSL20000930A_T18_091005.aif,242.00884094,N
RSL20000930A_T18_091005.aif,245.43191357,L
RSL20000930A_T18_091005.aif,249.35767518,L
RSL20000930A_T18_091005.aif,254.93512918,N
RSL20000930A_T18_091005.aif,258.33426424,N
RSL20000930A_T18_091005.aif,261.66158658,N
RSL20000930A_T18_091005.aif,269.32160924,D
RSL20000930A_T18_091005.aif,285.55128226,D
RSL20000930A_T18_091005.aif,289.02223002,C
RSL20000930A_T18_091005.aif,291.60748767,B
RSL20000930A_T18_091005.aif,292.94799164,C
RSL20000930A_T18_091005.aif,295.15024815,A
RSL20000930A_T18_091005.aif,296.75406540,B
RSL20000930A_T18_091005.aif,298.38182021,C
RSL20000930A_T18_091505.aif,1.66557618,E
RSL20000930A_T18_091505.aif,4.17566985,R
RSL20000930A_T18_091505.aif,8.09329269,A
RSL20000930A_T18_091505.aif,10.32188054,B
RSL20000930A_T18_091505.aif,11.40098623,C
RSL20000930A_T18_091505.aif,13.41844470,A
RSL20000930A_T18_091505.aif,15.60011490,B
RSL20000930A_T18_091505.aif,16.72613823,C
RSL20000930A_T18_091505.aif,20.03383177,E
RSL20000930A_T18_091505.aif,22.35625489,R
RSL20000930A_T18_091505.aif,26.74305411,A
RSL20000930A_T18_091505.aif,28.99510078,B
RSL20000930A_T18_091505.aif,30.51992404,C
RSL20000930A_T18_091505.aif,32.72505306,A
RSL20000930A_T18_091505.aif,35.56357021,S
RSL20000930A_T18_091505.aif,39.31698131,E
RSL20000930A_T18_091505.aif,41.87399263,E
RSL20000930A_T18_091505.aif,46.19041540,A
RSL20000930A_T18_091505.aif,49.70923831,S
RSL20000930A_T18_091505.aif,52.21933198,A
RSL20000930A_T18_091505.aif,55.40973142,S
RSL20000930A_T18_091505.aif,58.83471905,E
RSL20000930A_T18_091505.aif,61.32135391,R
RSL20000930A_T18_091505.aif,65.82544723,A
RSL20000930A_T18_091505.aif,68.82817612,S
RSL20000930A_T18_091505.aif,71.64323444,A
RSL20000930A_T18_091505.aif,74.22370458,S
RSL20000930A_T18_091505.aif,78.44629207,E
RSL20000930A_T18_091505.aif,80.65142109,R
RSL20000930A_T18_091505.aif,84.92092622,A
RSL20000930A_T18_091505.aif,88.15824330,S
RSL20000930A_T18_091505.aif,90.55104288,A
RSL20000930A_T18_091505.aif,93.50685412,B
RSL20000930A_T18_091505.aif,94.39828926,C
RSL20000930A_T18_091505.aif,98.01094745,E
RSL20000930A_T18_091505.aif,100.54449994,R
RSL20000930A_T18_091505.aif,104.53249924,A
RSL20000930A_T18_091505.aif,107.32409875,B
RSL20000930A_T18_091505.aif,108.45012208,C
RSL20000930A_T18_091505.aif,110.18607472,A
RSL20000930A_T18_091505.aif,112.36774492,B
RSL20000930A_T18_091505.aif,113.47030943,C
RSL20000930A_T18_091505.aif,117.03604998,E
RSL20000930A_T18_091505.aif,119.33501428,R
RSL20000930A_T18_091505.aif,123.65143705,A
RSL20000930A_T18_091505.aif,126.67762475,S
RSL20000930A_T18_091505.aif,129.23463607,A
RSL20000930A_T18_091505.aif,132.02623558,S
RSL20000930A_T18_091505.aif,136.27228189,E
RSL20000930A_T18_091505.aif,138.82929320,R
RSL20000930A_T18_091505.aif,142.79383368,A
RSL20000930A_T18_091505.aif,145.02242152,B
RSL20000930A_T18_091505.aif,146.26573895,C
RSL20000930A_T18_091505.aif,148.42395034,A
RSL20000930A_T18_091505.aif,150.79329110,S
RSL20000930A_T18_091505.aif,155.06279623,E
RSL20000930A_T18_091505.aif,157.24446643,R
RSL20000930A_T18_091505.aif,161.32630101,A
RSL20000930A_T18_091505.aif,163.29684184,B
RSL20000930A_T18_091505.aif,164.42286517,C
RSL20000930A_T18_091505.aif,166.74528829,A
RSL20000930A_T18_091505.aif,168.59853502,B
RSL20000930A_T18_091505.aif,169.56034662,C
RSL20000930A_T18_091505.aif,171.15554634,A
RSL20000930A_T18_091505.aif,173.00879307,B
RSL20000930A_T18_091505.aif,173.82985175,C
RSL20000930A_T18_091505.aif,176.92641591,R
RSL20000930A_T18_091505.aif,178.99079201,R
RSL20000930A_T18_091505.aif,182.65036784,A
RSL20000930A_T18_091505.aif,185.48888499,B
RSL20000930A_T18_091505.aif,186.47415540,C
RSL20000930A_T18_091505.aif,187.74093165,A
RSL20000930A_T18_091505.aif,189.68801366,B
RSL20000930A_T18_091505.aif,190.64982526,C
RSL20000930A_T18_091505.aif,192.45615435,A
RSL20000930A_T18_091505.aif,194.19210698,B
RSL20000930A_T18_091505.aif,195.24775386,C
RSL20000930A_T18_091505.aif,199.37650607,E
RSL20000930A_T18_091505.aif,201.41742336,R
RSL20000930A_T18_091505.aif,205.42888148,A
RSL20000930A_T18_091505.aif,207.39942231,B
RSL20000930A_T18_091505.aif,208.52544564,C
RSL20000930A_T18_091505.aif,210.58982174,A
RSL20000930A_T18_091505.aif,212.74803313,B
RSL20000930A_T18_091505.aif,214.20247993,C
RSL20000930A_T18_091505.aif,217.58054993,E
RSL20000930A_T18_091505.aif,219.78567895,R
RSL20000930A_T18_091505.aif,223.98480762,A
RSL20000930A_T18_091505.aif,225.93188963,B
RSL20000930A_T18_091505.aif,227.05791296,C
RSL20000930A_T18_091505.aif,229.59146546,A
RSL20000930A_T18_091505.aif,231.74967684,B
RSL20000930A_T18_091505.aif,232.99299427,C
RSL20000930A_T18_091505.aif,236.25377017,E
RSL20000930A_T18_091505.aif,238.52927565,R
RSL20000930A_T18_091505.aif,243.26795717,A
RSL20000930A_T18_091505.aif,245.96572140,B
RSL20000930A_T18_091505.aif,246.90407417,C
RSL20000930A_T18_091505.aif,248.61656799,A
RSL20000930A_T18_091505.aif,251.07974403,S
RSL20000930A_T18_091505.aif,255.34924916,E
RSL20000930A_T18_091505.aif,257.53091936,R
RSL20000930A_T18_091505.aif,262.22268324,A
RSL20000930A_T18_091505.aif,264.94390629,B
RSL20000930A_T18_091505.aif,266.11684726,C
RSL20000930A_T18_091505.aif,267.78242344,A
RSL20000930A_T18_091505.aif,270.52710531,B
RSL20000930A_T18_091505.aif,271.53583454,C
RSL20000930A_T18_091505.aif,273.01374017,A
RSL20000930A_T18_091505.aif,274.84352808,B
RSL20000930A_T18_091505.aif,276.18068078,C
RSL20000930A_T18_091505.aif,279.48837432,E
RSL20000930A_T18_091505.aif,281.76387980,R
RSL20000930A_T18_091505.aif,286.08030257,A
RSL20000930A_T18_091505.aif,288.91881972,B
RSL20000930A_T18_091505.aif,290.16213715,C
RSL20000930A_T18_091505.aif,292.08576034,A
RSL20000930A_T18_091505.aif,294.47855992,S
RSL20000930A_T18_091505.aif,298.56039449,E
RSL20000930A_T18_090505.aif,2.24630165,E
RSL20000930A_T18_090505.aif,4.38249046,R
RSL20000930A_T18_090505.aif,9.05127428,A
RSL20000930A_T18_090505.aif,11.84814005,S
RSL20000930A_T18_090505.aif,14.68905096,A
RSL20000930A_T18_090505.aif,17.02344286,S
RSL20000930A_T18_090505.aif,21.40593333,E
RSL20000930A_T18_090505.aif,23.60818984,R
RSL20000930A_T18_090505.aif,27.96865774,A
RSL20000930A_T18_090505.aif,29.95068860,B
RSL20000930A_T18_090505.aif,30.89765891,C
RSL20000930A_T18_090505.aif,33.25407338,A
RSL20000930A_T18_090505.aif,35.17003654,B
RSL20000930A_T18_090505.aif,36.13902941,C
RSL20000930A_T18_090505.aif,37.92285719,A
RSL20000930A_T18_090505.aif,39.66263984,B
RSL20000930A_T18_090505.aif,40.82983579,C
RSL20000930A_T18_090505.aif,43.62670156,R
RSL20000930A_T18_090505.aif,45.91704834,R
RSL20000930A_T18_090505.aif,49.63886185,A
RSL20000930A_T18_090505.aif,51.55482502,B
RSL20000930A_T18_090505.aif,52.50179532,C
RSL20000930A_T18_090505.aif,54.81416466,A
RSL20000930A_T18_090505.aif,56.37776678,B
RSL20000930A_T18_090505.aif,57.43484991,C
RSL20000930A_T18_090505.aif,59.17463256,A
RSL20000930A_T18_090505.aif,61.00250547,C
RSL20000930A_T18_090505.aif,62.10363372,D
RSL20000930A_T18_090505.aif,64.70229641,R
RSL20000930A_T18_090505.aif,66.88253036,R
RSL20000930A_T18_090505.aif,70.42816335,A
RSL20000930A_T18_090505.aif,72.36614908,B
RSL20000930A_T18_090505.aif,73.29109682,C
RSL20000930A_T18_090505.aif,74.39222508,D
RSL20000930A_T18_090505.aif,75.55942103,A
RSL20000930A_T18_090505.aif,77.25515855,B
RSL20000930A_T18_090505.aif,78.22415141,C
RSL20000930A_T18_090505.aif,79.76573097,A
RSL20000930A_T18_090505.aif,81.28528797,B
RSL20000930A_T18_090505.aif,82.40843879,C
RSL20000930A_T18_090505.aif,85.95407178,E
RSL20000930A_T18_090505.aif,88.48666677,R
RSL20000930A_T18_090505.aif,92.69297672,A
RSL20000930A_T18_090505.aif,94.63096245,B
RSL20000930A_T18_090505.aif,95.68804558,C
RSL20000930A_T18_090505.aif,97.91232466,A
RSL20000930A_T18_090505.aif,100.26873913,S
RSL20000930A_T18_090505.aif,104.51909420,E
RSL20000930A_T18_090505.aif,106.52314763,R
RSL20000930A_T18_090505.aif,111.14788631,A
RSL20000930A_T18_090505.aif,114.16497774,S
RSL20000930A_T18_090505.aif,116.74161786,A
RSL20000930A_T18_090505.aif,119.84679955,S
RSL20000930A_T18_090505.aif,123.94299666,E
RSL20000930A_T18_090505.aif,126.47559166,R
RSL20000930A_T18_090505.aif,131.10033034,A
RSL20000930A_T18_090505.aif,133.76506072,S
RSL20000930A_T18_090505.aif,136.84821984,A
RSL20000930A_T18_090505.aif,139.73317588,S
RSL20000930A_T18_090505.aif,143.76330530,E
RSL20000930A_T18_090505.aif,146.03162951,R
RSL20000930A_T18_090505.aif,150.25996202,A
RSL20000930A_T18_090505.aif,153.36514371,S
RSL20000930A_T18_090505.aif,155.78762587,A
RSL20000930A_T18_090505.aif,158.56246908,S
RSL20000930A_T18_090505.aif,162.74675646,E
RSL20000930A_T18_090505.aif,165.34541915,R
RSL20000930A_T18_090505.aif,169.35352600,A
RSL20000930A_T18_090505.aif,172.43668513,S
RSL20000930A_T18_090505.aif,175.36568629,A
RSL20000930A_T18_090505.aif,178.18457463,S
RSL20000930A_T18_090505.aif,182.12661379,E
RSL20000930A_T18_090505.aif,184.61516365,R
RSL20000930A_T18_090505.aif,188.66731564,A
RSL20000930A_T18_090505.aif,191.75047476,S
RSL20000930A_T18_090505.aif,194.50329541,A
RSL20000930A_T18_090505.aif,197.45431914,S
RSL20000930A_T18_090505.aif,201.79276447,E
RSL20000930A_T18_090505.aif,203.84086303,R
RSL20000930A_T18_090505.aif,207.91503758,A
RSL20000930A_T18_090505.aif,211.50471570,S
RSL20000930A_T18_090505.aif,213.97124300,A
RSL20000930A_T18_090505.aif,215.95327386,B
RSL20000930A_T18_090505.aif,216.87822160,C
RSL20000930A_T18_090505.aif,218.59598168,A
RSL20000930A_T18_090505.aif,220.24767407,B
RSL20000930A_T18_090505.aif,221.32677976,C
RSL20000930A_T18_090505.aif,224.58611940,R
RSL20000930A_T18_090505.aif,226.72230822,R
RSL20000930A_T18_090505.aif,230.48816686,A
RSL20000930A_T18_090505.aif,232.42615259,B
RSL20000930A_T18_090505.aif,233.52728085,C
RSL20000930A_T18_090505.aif,234.40818346,D
RSL20000930A_T18_090505.aif,235.83965019,A
RSL20000930A_T18_090505.aif,237.57943284,B
RSL20000930A_T18_090505.aif,238.85674162,C
RSL20000930A_T18_090505.aif,240.26618579,A
RSL20000930A_T18_090505.aif,242.02799100,B
RSL20000930A_T18_090505.aif,242.90889361,C
RSL20000930A_T18_090505.aif,245.74980451,R
RSL20000930A_T18_090505.aif,248.08419642,R
RSL20000930A_T18_090505.aif,251.76196480,A
RSL20000930A_T18_090505.aif,253.85410849,B
RSL20000930A_T18_090505.aif,254.62489827,C
RSL20000930A_T18_090505.aif,255.54984600,D
RSL20000930A_T18_090505.aif,256.89322248,A
RSL20000930A_T18_090505.aif,258.39075691,B
RSL20000930A_T18_090505.aif,259.38177234,C
RSL20000930A_T18_090505.aif,261.09953242,A
RSL20000930A_T18_090505.aif,262.92740533,C
RSL20000930A_T18_090505.aif,263.78628537,D
RSL20000930A_T18_090505.aif,266.56112858,R
RSL20000930A_T18_090505.aif,268.71933996,R
RSL20000930A_T18_090505.aif,272.52924373,A
RSL20000930A_T18_090505.aif,274.51127460,C
RSL20000930A_T18_090505.aif,275.41419977,D
RSL20000930A_T18_090505.aif,277.04386959,A
RSL20000930A_T18_090505.aif,278.71758454,C
RSL20000930A_T18_090505.aif,279.59848715,D
RSL20000930A_T18_090505.aif,281.07399901,A
RSL20000930A_T18_090505.aif,282.52748831,C
RSL20000930A_T18_090505.aif,283.38636835,D
RSL20000930A_T18_090505.aif,284.66367713,D
RSL20000930A_T18_090505.aif,285.74278282,G
RSL20000930A_T18_090505.aif,286.38143721,F
RSL20000930A_T18_090505.aif,287.19627212,G
RSL20000930A_T18_090505.aif,290.58774716,D
RSL20000930A_T18_090505.aif,295.65293714,D
RSL20000930A_T18_090505.aif,297.65699057,G
RSL20000930A_T18_090505.aif,298.47182548,G
RSL20000930A_T18_090505.aif,299.77115682,D
RSL20000930A_T18_090005.aif,1.03687051,B
RSL20000930A_T18_090005.aif,2.12558454,C
RSL20000930A_T18_090005.aif,5.33988311,E
RSL20000930A_T18_090005.aif,7.67284175,R
RSL20000930A_T18_090005.aif,11.82032378,A
RSL20000930A_T18_090005.aif,14.04959537,B
RSL20000930A_T18_090005.aif,15.19015293,C
RSL20000930A_T18_090005.aif,17.26389394,A
RSL20000930A_T18_090005.aif,19.07841733,B
RSL20000930A_T18_090005.aif,19.95975726,C
RSL20000930A_T18_090005.aif,21.77428065,A
RSL20000930A_T18_090005.aif,23.35550817,B
RSL20000930A_T18_090005.aif,24.26276987,C
RSL20000930A_T18_090005.aif,27.55483373,E
RSL20000930A_T18_090005.aif,29.86187061,R
RSL20000930A_T18_090005.aif,33.90566559,A
RSL20000930A_T18_090005.aif,35.90164131,B
RSL20000930A_T18_090005.aif,36.91259006,C
RSL20000930A_T18_090005.aif,37.71616470,D
RSL20000930A_T18_090005.aif,38.98633107,A
RSL20000930A_T18_090005.aif,40.46387154,B
RSL20000930A_T18_090005.aif,41.57850734,C
RSL20000930A_T18_090005.aif,43.65224835,A
RSL20000930A_T18_090005.aif,45.28531940,C
RSL20000930A_T18_090005.aif,46.52956401,D
RSL20000930A_T18_090005.aif,49.25134909,R
RSL20000930A_T18_090005.aif,51.27324658,R
RSL20000930A_T18_090005.aif,55.26519803,A
RSL20000930A_T18_090005.aif,57.28709552,B
RSL20000930A_T18_090005.aif,58.16843545,C
RSL20000930A_T18_090005.aif,60.50139409,A
RSL20000930A_T18_090005.aif,61.90116928,B
RSL20000930A_T18_090005.aif,62.96396155,C
RSL20000930A_T18_090005.aif,63.79345796,D
RSL20000930A_T18_090005.aif,64.88217199,A
RSL20000930A_T18_090005.aif,66.77446066,C
RSL20000930A_T18_090005.aif,67.81133117,D
RSL20000930A_T18_090005.aif,70.92194269,R
RSL20000930A_T18_090005.aif,72.89199666,R
RSL20000930A_T18_090005.aif,76.62473048,A
RSL20000930A_T18_090005.aif,78.64662797,B
RSL20000930A_T18_090005.aif,79.47612438,C
RSL20000930A_T18_090005.aif,80.46115136,D
RSL20000930A_T18_090005.aif,81.80908302,A
RSL20000930A_T18_090005.aif,83.15701468,B
RSL20000930A_T18_090005.aif,84.24572871,C
RSL20000930A_T18_090005.aif,85.69734742,A
RSL20000930A_T18_090005.aif,87.30449671,B
RSL20000930A_T18_090005.aif,88.26360192,C
RSL20000930A_T18_090005.aif,91.11499582,R
RSL20000930A_T18_090005.aif,93.31834565,R
RSL20000930A_T18_090005.aif,97.12884476,A
RSL20000930A_T18_090005.aif,98.94336815,B
RSL20000930A_T18_090005.aif,100.16169099,C
RSL20000930A_T18_090005.aif,100.99118740,D
RSL20000930A_T18_090005.aif,102.20951025,A
RSL20000930A_T18_090005.aif,103.89442482,B
RSL20000930A_T18_090005.aif,104.90537357,C
RSL20000930A_T18_090005.aif,106.35699228,A
RSL20000930A_T18_090005.aif,108.09375037,C
RSL20000930A_T18_090005.aif,109.44168203,D
RSL20000930A_T18_090005.aif,112.63005884,E
RSL20000930A_T18_090005.aif,115.17039159,R
RSL20000930A_T18_090005.aif,119.42156067,A
RSL20000930A_T18_090005.aif,121.31384934,B
RSL20000930A_T18_090005.aif,122.35071985,C
RSL20000930A_T18_090005.aif,124.60591320,A
RSL20000930A_T18_090005.aif,126.88702832,S
RSL20000930A_T18_090005.aif,128.23495998,D
RSL20000930A_T18_090005.aif,131.57886736,E
RSL20000930A_T18_090005.aif,134.30065244,R
RSL20000930A_T18_090005.aif,138.31852566,A
RSL20000930A_T18_090005.aif,140.52187549,B
RSL20000930A_T18_090005.aif,141.55874599,C
RSL20000930A_T18_090005.aif,143.42511291,A
RSL20000930A_T18_090005.aif,145.31740158,B
RSL20000930A_T18_090005.aif,146.56164619,C
RSL20000930A_T18_090005.aif,149.62041419,E
RSL20000930A_T18_090005.aif,151.92745107,R
RSL20000930A_T18_090005.aif,156.15269838,A
RSL20000930A_T18_090005.aif,159.15962285,S
RSL20000930A_T18_090005.aif,161.88140794,A
RSL20000930A_T18_090005.aif,164.55134949,S
RSL20000930A_T18_090005.aif,168.80251857,E
RSL20000930A_T18_090005.aif,175.41256805,A
RSL20000930A_T18_090005.aif,177.82329198,B
RSL20000930A_T18_090005.aif,178.88608425,C
RSL20000930A_T18_090005.aif,180.90798174,A
RSL20000930A_T18_090005.aif,183.03356628,B
RSL20000930A_T18_090005.aif,184.45926323,C
RSL20000930A_T18_090005.aif,187.95870119,E
RSL20000930A_T18_090005.aif,189.90283339,R
RSL20000930A_T18_090005.aif,193.94662837,A
RSL20000930A_T18_090005.aif,196.56472640,B
RSL20000930A_T18_090005.aif,197.65344043,C
RSL20000930A_T18_090005.aif,200.14192965,A
RSL20000930A_T18_090005.aif,202.39712300,B
RSL20000930A_T18_090005.aif,203.48583704,C
RSL20000930A_T18_090005.aif,206.85566619,E
RSL20000930A_T18_090005.aif,213.31018509,A
RSL20000930A_T18_090005.aif,216.21342251,S
RSL20000930A_T18_090005.aif,218.96112936,A
RSL20000930A_T18_090005.aif,221.73475796,S
RSL20000930A_T18_090005.aif,232.20715009,A
RSL20000930A_T18_090005.aif,234.48826520,B
RSL20000930A_T18_090005.aif,235.65474452,C
RSL20000930A_T18_090005.aif,237.62479849,A
RSL20000930A_T18_090005.aif,240.19105299,S
RSL20000930A_T18_090005.aif,244.46814383,E
RSL20000930A_T18_090005.aif,246.85294600,R
RSL20000930A_T18_090005.aif,251.46701976,A
RSL20000930A_T18_090005.aif,254.39617894,S
RSL20000930A_T18_090005.aif,257.19572931,A
RSL20000930A_T18_090005.aif,259.29539209,B
RSL20000930A_T18_090005.aif,260.66924551,C
RSL20000930A_T18_090005.aif,264.37605757,E
RSL20000930A_T18_090005.aif,270.07884536,A
RSL20000930A_T18_090005.aif,272.23035166,B
RSL20000930A_T18_090005.aif,273.50051804,C
RSL20000930A_T18_090005.aif,275.80755491,A
RSL20000930A_T18_090005.aif,277.93313945,B
RSL20000930A_T18_090005.aif,279.30699288,C
RSL20000930A_T18_090005.aif,282.70274379,E
RSL20000930A_T18_090005.aif,284.98385890,R
RSL20000930A_T18_090005.aif,289.72754147,A
RSL20000930A_T18_090005.aif,292.26787422,B
RSL20000930A_T18_090005.aif,293.27882296,C
RSL20000930A_T18_090005.aif,295.35256397,A
RSL20000930A_T18_090005.aif,297.50407028,B
RSL20000930A_T18_090005.aif,298.61870607,C
RSL20000930A_T18_092505.aif,2.03437834,R
RSL20000930A_T18_092505.aif,5.72870955,A
RSL20000930A_T18_092505.aif,7.51347092,B
RSL20000930A_T18_092505.aif,8.48697711,C
RSL20000930A_T18_092505.aif,10.65864479,A
RSL20000930A_T18_092505.aif,12.30611682,B
RSL20000930A_T18_092505.aif,13.30458471,C
RSL20000930A_T18_092505.aif,14.57763128,A
RSL20000930A_T18_092505.aif,16.25006500,B
RSL20000930A_T18_092505.aif,17.07380102,D
RSL20000930A_T18_092505.aif,19.69477924,R
RSL20000930A_T18_092505.aif,22.01621710,R
RSL20000930A_T18_092505.aif,25.78543341,A
RSL20000930A_T18_092505.aif,27.90717769,B
RSL20000930A_T18_092505.aif,28.65602861,D
RSL20000930A_T18_092505.aif,30.17869215,A
RSL20000930A_T18_092505.aif,32.02585776,B
RSL20000930A_T18_092505.aif,32.82463207,D
RSL20000930A_T18_092505.aif,34.39721901,D
RSL20000930A_T18_092505.aif,35.79507407,B
RSL20000930A_T18_092505.aif,36.51896329,D
RSL20000930A_T18_092505.aif,37.81697155,D
RSL20000930A_T18_092505.aif,38.79047775,G
RSL20000930A_T18_092505.aif,39.31467340,F
RSL20000930A_T18_092505.aif,43.18373649,D
RSL20000930A_T18_092505.aif,48.02630579,D
RSL20000930A_T18_092505.aif,50.12308837,G
RSL20000930A_T18_092505.aif,50.57239892,F
RSL20000930A_T18_092505.aif,51.39613494,G
RSL20000930A_T18_092505.aif,52.61925811,D
RSL20000930A_T18_092505.aif,54.11695995,G
RSL20000930A_T18_092505.aif,54.64115560,F
RSL20000930A_T18_092505.aif,55.34008313,G
RSL20000930A_T18_092505.aif,56.53824460,D
RSL20000930A_T18_092505.aif,57.83625287,G
RSL20000930A_T18_092505.aif,58.38541021,F
RSL20000930A_T18_092505.aif,59.08433773,G
RSL20000930A_T18_092505.aif,59.68341847,F
RSL20000930A_T18_092505.aif,62.75370725,D
RSL20000930A_T18_092505.aif,68.09551049,D
RSL20000930A_T18_092505.aif,70.04252289,G
RSL20000930A_T18_092505.aif,70.66656533,F
RSL20000930A_T18_092505.aif,71.41541625,G
RSL20000930A_T18_092505.aif,72.21419056,G
RSL20000930A_T18_092505.aif,73.53716053,D
RSL20000930A_T18_092505.aif,74.73532200,G
RSL20000930A_T18_092505.aif,75.33440274,F
RSL20000930A_T18_092505.aif,76.08325366,G
RSL20000930A_T18_092505.aif,77.30637683,D
RSL20000930A_T18_092505.aif,78.47957661,G
RSL20000930A_T18_092505.aif,79.00377226,F
RSL20000930A_T18_092505.aif,79.95231676,G
RSL20000930A_T18_092505.aif,80.50147410,F
RSL20000930A_T18_092505.aif,84.23324786,J
RSL20000930A_T18_092505.aif,89.52512771,J
RSL20000930A_T18_092505.aif,92.28339527,F
RSL20000930A_T18_092505.aif,93.21945892,J
RSL20000930A_T18_092505.aif,94.65475652,G
RSL20000930A_T18_092505.aif,95.29127981,F
RSL20000930A_T18_092505.aif,96.41455619,J
RSL20000930A_T18_092505.aif,97.72504530,J
RSL20000930A_T18_092505.aif,102.43032526,J
RSL20000930A_T18_092505.aif,107.39770304,J
RSL20000930A_T18_092505.aif,110.78001304,J
RSL20000930A_T18_092505.aif,112.32763828,J
RSL20000930A_T18_092505.aif,114.48682510,J
RSL20000930A_T18_092505.aif,115.87219931,J
RSL20000930A_T18_092505.aif,120.37778569,J
RSL20000930A_T18_092505.aif,125.96920591,J
RSL20000930A_T18_092505.aif,128.05350764,L
RSL20000930A_T18_092505.aif,129.32655421,J
RSL20000930A_T18_092505.aif,130.18773277,J
RSL20000930A_T18_092505.aif,131.79776225,L
RSL20000930A_T18_092505.aif,133.10825136,J
RSL20000930A_T18_092505.aif,134.51858726,J
RSL20000930A_T18_092505.aif,136.05373165,L
RSL20000930A_T18_092505.aif,137.38918246,J
RSL20000930A_T18_092505.aif,142.66858146,J
RSL20000930A_T18_092505.aif,147.71084434,J
RSL20000930A_T18_092505.aif,149.77018437,L
RSL20000930A_T18_092505.aif,151.23044367,J
RSL20000930A_T18_092505.aif,153.63924747,L
RSL20000930A_T18_092505.aif,155.11198762,J
RSL20000930A_T18_092505.aif,157.50831057,L
RSL20000930A_T18_092505.aif,159.25562938,J
RSL20000930A_T18_092505.aif,164.43518159,J
RSL20000930A_T18_092505.aif,169.71458059,J
RSL20000930A_T18_092505.aif,171.89872911,L
RSL20000930A_T18_092505.aif,173.44635435,J
RSL20000930A_T18_092505.aif,176.05485173,L
RSL20000930A_T18_092505.aif,177.82713224,J
RSL20000930A_T18_092505.aif,180.22345519,L
RSL20000930A_T18_092505.aif,186.92567095,N
RSL20000930A_T18_092505.aif,190.40782773,N
RSL20000930A_T18_092505.aif,193.66532924,L
RSL20000930A_T18_092505.aif,195.25039703,N
RSL20000930A_T18_092505.aif,197.85889440,L
RSL20000930A_T18_092505.aif,204.16172300,N
RSL20000930A_T18_092505.aif,208.94188805,N
RSL20000930A_T18_092505.aif,212.64870011,L
RSL20000930A_T18_092505.aif,217.19172904,L
RSL20000930A_T18_092505.aif,222.92043859,N
RSL20000930A_T18_092505.aif,225.99072737,N
RSL20000930A_T18_092505.aif,229.75994368,N
RSL20000930A_T18_092505.aif,233.00496434,L
RSL20000930A_T18_092505.aif,237.62287836,L
RSL20000930A_T18_092505.aif,243.52631979,N
RSL20000930A_T18_092505.aif,246.85870639,N
RSL20000930A_T18_092505.aif,250.66536524,N
RSL20000930A_T18_092505.aif,253.91038591,L
RSL20000930A_T18_092505.aif,258.69055096,L
RSL20000930A_T18_092505.aif,264.29445202,N
RSL20000930A_T18_092505.aif,267.76412796,N
RSL20000930A_T18_092505.aif,271.50838257,N
RSL20000930A_T18_092505.aif,274.89069257,L
RSL20000930A_T18_092505.aif,279.49612574,L
RSL20000930A_T18_092505.aif,285.22483529,N
RSL20000930A_T18_092505.aif,288.66954953,N
RSL20000930A_T18_092505.aif,292.26403395,N
RSL20000930A_T18_092505.aif,295.67130565,L
RSL20000930A_T18_092505.aif,298.77903697,L
RSL20000930A_T18_094005.aif,0.28225919,B
RSL20000930A_T18_094005.aif,1.29368797,C
RSL20000930A_T18_094005.aif,2.11694395,D
RSL20000930A_T18_094005.aif,3.50471832,A
RSL20000930A_T18_094005.aif,5.50405428,B
RSL20000930A_T18_094005.aif,6.44491825,C
RSL20000930A_T18_094005.aif,7.76212782,A
RSL20000930A_T18_094005.aif,9.62033418,B
RSL20000930A_T18_094005.aif,10.39654697,D
RSL20000930A_T18_094005.aif,13.38379010,R
RSL20000930A_T18_094005.aif,15.47721245,R
RSL20000930A_T18_094005.aif,19.42884116,A
RSL20000930A_T18_094005.aif,21.16943952,B
RSL20000930A_T18_094005.aif,22.15734670,C
RSL20000930A_T18_094005.aif,23.14525388,D
RSL20000930A_T18_094005.aif,24.60359304,A
RSL20000930A_T18_094005.aif,26.32066981,B
RSL20000930A_T18_094005.aif,27.28505538,C
RSL20000930A_T18_094005.aif,28.69635135,A
RSL20000930A_T18_094005.aif,30.34286331,B
RSL20000930A_T18_094005.aif,31.37781369,D
RSL20000930A_T18_094005.aif,34.55322962,R
RSL20000930A_T18_094005.aif,36.50552238,R
RSL20000930A_T18_094005.aif,40.52771588,A
RSL20000930A_T18_094005.aif,42.29183584,B
RSL20000930A_T18_094005.aif,43.09157023,C
RSL20000930A_T18_094005.aif,45.30260058,A
RSL20000930A_T18_094005.aif,47.18432853,B
RSL20000930A_T18_094005.aif,48.52505970,C
RSL20000930A_T18_094005.aif,49.93635567,A
RSL20000930A_T18_094005.aif,51.70047563,B
RSL20000930A_T18_094005.aif,52.97064200,D
RSL20000930A_T18_094005.aif,56.45183873,E
RSL20000930A_T18_094005.aif,58.82752027,R
RSL20000930A_T18_094005.aif,62.99084338,A
RSL20000930A_T18_094005.aif,65.08426573,B
RSL20000930A_T18_094005.aif,66.44851850,C
RSL20000930A_T18_094005.aif,68.16559526,A
RSL20000930A_T18_094005.aif,70.84705760,S
RSL20000930A_T18_094005.aif,74.98685911,E
RSL20000930A_T18_094005.aif,77.08028146,R
RSL20000930A_T18_094005.aif,81.03191017,A
RSL20000930A_T18_094005.aif,82.67842213,B
RSL20000930A_T18_094005.aif,84.06619650,C
RSL20000930A_T18_094005.aif,84.84240928,D
RSL20000930A_T18_094005.aif,86.01848926,A
RSL20000930A_T18_094005.aif,87.61795802,B
RSL20000930A_T18_094005.aif,88.60586520,C
RSL20000930A_T18_094005.aif,90.25237716,A
RSL20000930A_T18_094005.aif,92.13410512,B
RSL20000930A_T18_094005.aif,93.02792590,D
RSL20000930A_T18_094005.aif,95.94460423,R
RSL20000930A_T18_094005.aif,98.03802659,R
RSL20000930A_T18_094005.aif,101.66035290,A
RSL20000930A_T18_094005.aif,103.82434006,B
RSL20000930A_T18_094005.aif,104.76520403,D
RSL20000930A_T18_094005.aif,106.12945680,A
RSL20000930A_T18_094005.aif,108.10527116,B
RSL20000930A_T18_094005.aif,108.95204874,D
RSL20000930A_T18_094005.aif,110.43390951,D
RSL20000930A_T18_094005.aif,111.91577027,B
RSL20000930A_T18_094005.aif,112.69198305,D
RSL20000930A_T18_094005.aif,114.10327902,D
RSL20000930A_T18_094005.aif,114.95005660,G
RSL20000930A_T18_094005.aif,115.46753179,F
RSL20000930A_T18_094005.aif,118.73703412,D
RSL20000930A_T18_094005.aif,124.40573959,D
RSL20000930A_T18_094005.aif,126.47564034,G
RSL20000930A_T18_094005.aif,127.27537473,G
RSL20000930A_T18_094005.aif,128.56906270,D
RSL20000930A_T18_094005.aif,129.88627227,G
RSL20000930A_T18_094005.aif,130.49783385,F
RSL20000930A_T18_094005.aif,131.43869783,G
RSL20000930A_T18_094005.aif,132.54421301,D
RSL20000930A_T18_094005.aif,133.76733618,G
RSL20000930A_T18_094005.aif,134.23776817,F
RSL20000930A_T18_094005.aif,135.03750255,G
RSL20000930A_T18_094005.aif,135.74315053,F
RSL20000930A_T18_094005.aif,138.96560966,D
RSL20000930A_T18_094005.aif,144.18740474,D
RSL20000930A_T18_094005.aif,146.11617590,G
RSL20000930A_T18_094005.aif,146.75125909,F
RSL20000930A_T18_094005.aif,147.48042867,G
RSL20000930A_T18_094005.aif,148.11551185,G
RSL20000930A_T18_094005.aif,149.19750543,D
RSL20000930A_T18_094005.aif,150.49119340,G
RSL20000930A_T18_094005.aif,151.14979819,F
RSL20000930A_T18_094005.aif,151.83192457,G
RSL20000930A_T18_094005.aif,152.46700776,G
RSL20000930A_T18_094005.aif,153.69013093,D
RSL20000930A_T18_094005.aif,154.74860290,G
RSL20000930A_T18_094005.aif,155.26607809,F
RSL20000930A_T18_094005.aif,156.18342047,G
RSL20000930A_T18_094005.aif,156.70089566,F
RSL20000930A_T18_094005.aif,160.22913558,D
RSL20000930A_T18_094005.aif,165.30980107,D
RSL20000930A_T18_094005.aif,166.79166183,G
RSL20000930A_T18_094005.aif,168.15591460,G
RSL20000930A_T18_094005.aif,169.30847298,D
RSL20000930A_T18_094005.aif,170.69624734,G
RSL20000930A_T18_094005.aif,171.26076573,F
RSL20000930A_T18_094005.aif,172.06050011,G
RSL20000930A_T18_094005.aif,172.60149690,F
RSL20000930A_T18_094005.aif,176.62369041,J
RSL20000930A_T18_094005.aif,181.86900709,J
RSL20000930A_T18_094005.aif,184.66807743,F
RSL20000930A_T18_094005.aif,185.55013741,J
RSL20000930A_T18_094005.aif,187.34953977,G
RSL20000930A_T18_094005.aif,187.72588536,F
RSL20000930A_T18_094005.aif,188.63146694,J
RSL20000930A_T18_094005.aif,189.74874291,J
RSL20000930A_T18_094005.aif,190.86601889,G
RSL20000930A_T18_094005.aif,191.13651728,G
RSL20000930A_T18_094005.aif,191.52462367,F
RSL20000930A_T18_094005.aif,192.47724845,J
RSL20000930A_T18_094005.aif,197.34621954,J
RSL20000930A_T18_094005.aif,202.79146982,J
RSL20000930A_T18_094005.aif,205.23771616,F
RSL20000930A_T18_094005.aif,206.31970974,J
RSL20000930A_T18_094005.aif,207.48402891,J
RSL20000930A_T18_094005.aif,210.36542485,J
RSL20000930A_T18_094005.aif,211.76496002,J
RSL20000930A_T18_094005.aif,217.01027670,J
RSL20000930A_T18_094005.aif,222.30263658,J
RSL20000930A_T18_094005.aif,225.30164051,J
RSL20000930A_T18_094005.aif,226.66589328,J
RSL20000930A_T18_094005.aif,228.23007965,L
RSL20000930A_T18_094005.aif,229.94715641,J
RSL20000930A_T18_094005.aif,231.73479797,L
RSL20000930A_T18_094005.aif,233.09905074,J
RSL20000930A_T18_094005.aif,238.96768980,J
RSL20000930A_T18_094005.aif,244.37765768,J
RSL20000930A_T18_094005.aif,246.50636243,L
RSL20000930A_T18_094005.aif,248.18815679,J
RSL20000930A_T18_094005.aif,250.57559914,L
RSL20000930A_T18_094005.aif,252.15154631,J
RSL20000930A_T18_094005.aif,254.51546705,L
RSL20000930A_T18_094005.aif,256.35015181,J
RSL20000930A_T18_094005.aif,262.12470448,J
RSL20000930A_T18_094005.aif,266.95839317,J
RSL20000930A_T18_094005.aif,269.47520431,L
RSL20000930A_T18_094005.aif,271.28636747,J
RSL20000930A_T18_094005.aif,274.26184981,L
RSL20000930A_T18_094005.aif,279.47188409,N
RSL20000930A_T18_094005.aif,283.27062240,N
RSL20000930A_T18_094005.aif,286.95175272,L
RSL20000930A_T18_094005.aif,288.72763348,N
RSL20000930A_T18_094005.aif,291.89128861,L
RSL20000930A_T18_094005.aif,298.32444606,N
RSL20000930A_T18_093005.aif,5.78067290,N
RSL20000930A_T18_093005.aif,9.40923381,N
RSL20000930A_T18_093005.aif,13.06281928,N
RSL20000930A_T18_093005.aif,16.11581536,L
RSL20000930A_T18_093005.aif,20.99560418,L
RSL20000930A_T18_093005.aif,25.75027020,N
RSL20000930A_T18_093005.aif,29.45390479,N
RSL20000930A_T18_093005.aif,33.43280951,N
RSL20000930A_T18_093005.aif,36.48580559,L
RSL20000930A_T18_093005.aif,41.31554529,L
RSL20000930A_T18_093005.aif,46.77089893,N
RSL20000930A_T18_093005.aif,50.29936161,N
RSL20000930A_T18_093005.aif,53.82782429,N
RSL20000930A_T18_093005.aif,61.56041272,D
RSL20000930A_T18_093005.aif,77.62617897,D
RSL20000930A_T18_093005.aif,81.60508369,A
RSL20000930A_T18_093005.aif,83.98241670,B
RSL20000930A_T18_093005.aif,85.35876740,C
RSL20000930A_T18_093005.aif,87.31068292,A
RSL20000930A_T18_093005.aif,89.06240198,B
RSL20000930A_T18_093005.aif,90.46377723,C
RSL20000930A_T18_093005.aif,94.06731358,E
RSL20000930A_T18_093005.aif,96.39459748,R
RSL20000930A_T18_093005.aif,100.82394425,A
RSL20000930A_T18_093005.aif,102.42551596,B
RSL20000930A_T18_093005.aif,103.90196489,C
RSL20000930A_T18_093005.aif,106.37939613,A
RSL20000930A_T18_093005.aif,108.98195016,B
RSL20000930A_T18_093005.aif,110.10805527,C
RSL20000930A_T18_093005.aif,113.31119870,E
RSL20000930A_T18_093005.aif,115.51335981,E
RSL20000930A_T18_093005.aif,119.99275569,A
RSL20000930A_T18_093005.aif,122.52023605,S
RSL20000930A_T18_093005.aif,125.39806022,A
RSL20000930A_T18_093005.aif,128.12573705,S
RSL20000930A_T18_093005.aif,132.42996102,E
RSL20000930A_T18_093005.aif,134.78226948,E
RSL20000930A_T18_093005.aif,138.71112509,A
RSL20000930A_T18_093005.aif,141.93929307,S
RSL20000930A_T18_093005.aif,144.69199445,A
RSL20000930A_T18_093005.aif,147.79503965,S
RSL20000930A_T18_093005.aif,151.92409172,E
RSL20000930A_T18_093005.aif,154.45157208,R
RSL20000930A_T18_093005.aif,158.50555048,A
RSL20000930A_T18_093005.aif,161.75874302,S
RSL20000930A_T18_093005.aif,164.21114971,A
RSL20000930A_T18_093005.aif,166.98887565,S
RSL20000930A_T18_093005.aif,171.21802595,E
RSL20000930A_T18_093005.aif,173.69545719,R
RSL20000930A_T18_093005.aif,177.77446015,A
RSL20000930A_T18_093005.aif,180.97760358,S
RSL20000930A_T18_093005.aif,183.55513305,A
RSL20000930A_T18_093005.aif,186.30783443,S
RSL20000930A_T18_093005.aif,190.41186195,E
RSL20000930A_T18_093005.aif,192.68909673,E
RSL20000930A_T18_093005.aif,196.86819792,A
RSL20000930A_T18_093005.aif,199.62089930,B
RSL20000930A_T18_093005.aif,200.69695529,C
RSL20000930A_T18_093005.aif,202.42364980,A
RSL20000930A_T18_093005.aif,204.37556532,B
RSL20000930A_T18_093005.aif,205.77694057,C
RSL20000930A_T18_093005.aif,208.95505944,E
RSL20000930A_T18_093005.aif,211.05712231,R
RSL20000930A_T18_093005.aif,215.56154276,A
RSL20000930A_T18_093005.aif,217.61355651,B
RSL20000930A_T18_093005.aif,218.51444060,C
RSL20000930A_T18_093005.aif,220.74162627,A
RSL20000930A_T18_093005.aif,222.49334533,B
RSL20000930A_T18_093005.aif,223.74457323,C
RSL20000930A_T18_093005.aif,225.19599759,A
RSL20000930A_T18_093005.aif,226.64742196,B
RSL20000930A_T18_093005.aif,227.64840428,C
RSL20000930A_T18_093005.aif,230.92662138,R
RSL20000930A_T18_093005.aif,232.87853690,R
RSL20000930A_T18_093005.aif,236.78236795,A
RSL20000930A_T18_093005.aif,238.98452906,B
RSL20000930A_T18_093005.aif,239.88541315,C
RSL20000930A_T18_093005.aif,241.91240235,A
RSL20000930A_T18_093005.aif,243.58904774,B
RSL20000930A_T18_093005.aif,244.71515285,C
RSL20000930A_T18_093005.aif,245.94135619,A
RSL20000930A_T18_093005.aif,247.96834539,B
RSL20000930A_T18_093005.aif,248.69405757,C
RSL20000930A_T18_093005.aif,251.42173439,R
RSL20000930A_T18_093005.aif,253.62389550,R
RSL20000930A_T18_093005.aif,257.62782478,A
RSL20000930A_T18_093005.aif,260.28042793,C
RSL20000930A_T18_093005.aif,262.40751536,A
RSL20000930A_T18_093005.aif,264.40948000,C
RSL20000930A_T18_093005.aif,265.28533954,D
RSL20000930A_T18_093005.aif,266.63666567,A
RSL20000930A_T18_093005.aif,268.46345840,C
RSL20000930A_T18_093005.aif,269.21419514,D
RSL20000930A_T18_093005.aif,271.96689653,R
RSL20000930A_T18_093005.aif,274.24413131,E
RSL20000930A_T18_093005.aif,278.64845352,A
RSL20000930A_T18_093005.aif,280.80056551,B
RSL20000930A_T18_093005.aif,281.90164606,C
RSL20000930A_T18_093005.aif,283.50321777,A
RSL20000930A_T18_093005.aif,285.65532976,B
RSL20000930A_T18_093005.aif,286.73138576,C
RSL20000930A_T18_093005.aif,288.28290835,A
RSL20000930A_T18_093005.aif,290.18477476,B
RSL20000930A_T18_093005.aif,291.58615001,C
RSL20000930A_T18_093005.aif,295.59007929,E
RSL20000930A_T18_093005.aif,297.99243686,R
RSL20000930A_T18_083506.aif,3.43049327,A
RSL20000930A_T18_083506.aif,5.43161435,B
RSL20000930A_T18_083506.aif,6.35650224,C
RSL20000930A_T18_083506.aif,8.54260090,A
RSL20000930A_T18_083506.aif,10.10650224,B
RSL20000930A_T18_083506.aif,11.19955157,C
RSL20000930A_T18_083506.aif,12.72982063,A
RSL20000930A_T18_083506.aif,14.42825112,C
RSL20000930A_T18_083506.aif,15.53811659,D
RSL20000930A_T18_083506.aif,18.39686099,R
RSL20000930A_T18_083506.aif,20.31390135,R
RSL20000930A_T18_083506.aif,23.96300448,A
RSL20000930A_T18_083506.aif,26.16591928,B
RSL20000930A_T18_083506.aif,27.09080717,C
RSL20000930A_T18_083506.aif,27.88116592,D
RSL20000930A_T18_083506.aif,29.22645740,A
RSL20000930A_T18_083506.aif,30.79035874,B
RSL20000930A_T18_083506.aif,31.98430493,C
RSL20000930A_T18_083506.aif,33.27914798,A
RSL20000930A_T18_083506.aif,34.91031390,C
RSL20000930A_T18_083506.aif,35.88565022,D
RSL20000930A_T18_083506.aif,38.45852018,R
RSL20000930A_T18_083506.aif,40.52690583,R
RSL20000930A_T18_083506.aif,44.22645740,A
RSL20000930A_T18_083506.aif,46.42937220,C
RSL20000930A_T18_083506.aif,47.25336323,D
RSL20000930A_T18_083506.aif,48.91816143,A
RSL20000930A_T18_083506.aif,50.66704036,C
RSL20000930A_T18_083506.aif,51.39013453,D
RSL20000930A_T18_083506.aif,52.95403587,D
RSL20000930A_T18_083506.aif,54.43385650,C
RSL20000930A_T18_083506.aif,55.15695067,D
RSL20000930A_T18_083506.aif,56.51905830,D
RSL20000930A_T18_083506.aif,57.47757848,D
RSL20000930A_T18_083506.aif,58.11659193,F
RSL20000930A_T18_083506.aif,60.89125561,D
RSL20000930A_T18_083506.aif,65.83520179,D
RSL20000930A_T18_083506.aif,67.92040359,G
RSL20000930A_T18_083506.aif,68.62668161,G
RSL20000930A_T18_083506.aif,70.10650224,D
RSL20000930A_T18_083506.aif,71.56950673,G
RSL20000930A_T18_083506.aif,72.15807175,F
RSL20000930A_T18_083506.aif,72.91479821,G
RSL20000930A_T18_083506.aif,73.99103139,D
RSL20000930A_T18_083506.aif,75.21860987,G
RSL20000930A_T18_083506.aif,75.90807175,F
RSL20000930A_T18_083506.aif,76.68161435,G
RSL20000930A_T18_083506.aif,77.48878924,G
RSL20000930A_T18_083506.aif,77.99327354,F
RSL20000930A_T18_083506.aif,81.28923767,D
RSL20000930A_T18_083506.aif,86.67040359,D
RSL20000930A_T18_083506.aif,88.35201794,G
RSL20000930A_T18_083506.aif,88.87331839,F
RSL20000930A_T18_083506.aif,89.73094170,G
RSL20000930A_T18_083506.aif,90.42040359,G
RSL20000930A_T18_083506.aif,91.56390135,D
RSL20000930A_T18_083506.aif,92.70739910,G
RSL20000930A_T18_083506.aif,93.39686099,F
RSL20000930A_T18_083506.aif,94.20403587,G
RSL20000930A_T18_083506.aif,95.33071749,D
RSL20000930A_T18_083506.aif,96.44058296,G
RSL20000930A_T18_083506.aif,97.01233184,F
RSL20000930A_T18_083506.aif,98.00448430,G
RSL20000930A_T18_083506.aif,98.72757848,F
RSL20000930A_T18_083506.aif,101.80493274,D
RSL20000930A_T18_083506.aif,107.20291480,D
RSL20000930A_T18_083506.aif,109.60762332,G
RSL20000930A_T18_083506.aif,110.33071749,G
RSL20000930A_T18_083506.aif,110.96973094,F
RSL20000930A_T18_083506.aif,111.82735426,G
RSL20000930A_T18_083506.aif,112.90358744,D
RSL20000930A_T18_083506.aif,114.28251121,G
RSL20000930A_T18_083506.aif,114.95515695,F
RSL20000930A_T18_083506.aif,115.74551570,G
RSL20000930A_T18_083506.aif,116.82174888,G
RSL20000930A_T18_083506.aif,117.42713004,F
RSL20000930A_T18_083506.aif,118.36883408,G
RSL20000930A_T18_083506.aif,119.02466368,F
RSL20000930A_T18_083506.aif,122.55605381,J
RSL20000930A_T18_083506.aif,127.81950673,J
RSL20000930A_T18_083506.aif,130.29147982,F
RSL20000930A_T18_083506.aif,131.23318386,J
RSL20000930A_T18_083506.aif,133.25112108,F
RSL20000930A_T18_083506.aif,134.12556054,J
RSL20000930A_T18_083506.aif,136.51345291,F
RSL20000930A_T18_083506.aif,137.67376682,J
RSL20000930A_T18_083506.aif,142.53756831,J
RSL20000930A_T18_083506.aif,147.95081967,J
RSL20000930A_T18_083506.aif,150.37568306,F
RSL20000930A_T18_083506.aif,151.26366120,J
RSL20000930A_T18_083506.aif,152.51024590,J
RSL20000930A_T18_083506.aif,154.43989071,F
RSL20000930A_T18_083506.aif,155.51571038,J
RSL20000930A_T18_083506.aif,158.67486339,L
RSL20000930A_T18_083506.aif,160.02390710,J
RSL20000930A_T18_083506.aif,165.26639344,J
RSL20000930A_T18_083506.aif,170.28688525,J
RSL20000930A_T18_083506.aif,173.68510929,J
RSL20000930A_T18_083506.aif,175.01707650,J
RSL20000930A_T18_083506.aif,176.60519126,L
RSL20000930A_T18_083506.aif,178.26161202,J
RSL20000930A_T18_083506.aif,180.31079235,L
RSL20000930A_T18_083506.aif,181.83060109,J
RSL20000930A_T18_083506.aif,186.73155738,J
RSL20000930A_T18_083506.aif,192.05942623,J
RSL20000930A_T18_083506.aif,194.24521858,L
RSL20000930A_T18_083506.aif,195.50887978,J
RSL20000930A_T18_083506.aif,196.92622951,J
RSL20000930A_T18_083506.aif,198.65095628,L
RSL20000930A_T18_083506.aif,199.82923497,J
RSL20000930A_T18_083506.aif,202.52732240,L
RSL20000930A_T18_083506.aif,204.23497268,J
RSL20000930A_T18_083506.aif,209.44330601,J
RSL20000930A_T18_083506.aif,214.19057377,J
RSL20000930A_T18_083506.aif,216.75204918,L
RSL20000930A_T18_083506.aif,218.49385246,J
RSL20000930A_T18_083506.aif,221.19193989,L
RSL20000930A_T18_083506.aif,223.07035519,J
RSL20000930A_T18_083506.aif,224.26571038,J
RSL20000930A_T18_083506.aif,227.88592896,J
RSL20000930A_T18_083506.aif,232.85519126,J
RSL20000930A_T18_083506.aif,236.18510929,L
RSL20000930A_T18_083506.aif,238.06352459,J
RSL20000930A_T18_083506.aif,240.50546448,L
RSL20000930A_T18_083506.aif,246.53346995,N
RSL20000930A_T18_083506.aif,254.09836066,L
RSL20000930A_T18_083506.aif,255.85724044,L
RSL20000930A_T18_083506.aif,258.53825137,L
RSL20000930A_T18_083506.aif,262.09016393,N
RSL20000930A_T18_083506.aif,265.38592896,N
RSL20000930A_T18_083506.aif,273.82172131,L
RSL20000930A_T18_083506.aif,278.48360656,L
RSL20000930A_T18_083506.aif,283.60655738,N
RSL20000930A_T18_083506.aif,287.00478142,N
RSL20000930A_T18_083506.aif,290.64207650,N
RSL20000930A_T18_083506.aif,294.58674863,L
RSL20000930A_T18_083506.aif,298.71926230,L
RSL20000930A_T18_094505.aif,2.65002020,N
RSL20000930A_T18_094505.aif,6.60308901,L
RSL20000930A_T18_094505.aif,11.82992443,L
RSL20000930A_T18_094505.aif,15.91476220,N
RSL20000930A_T18_094505.aif,19.48716513,N
RSL20000930A_T18_094505.aif,23.55736190,N
RSL20000930A_T18_094505.aif,31.43421753,D
RSL20000930A_T18_094505.aif,48.12495250,D
RSL20000930A_T18_094505.aif,51.90232936,C
RSL20000930A_T18_094505.aif,54.68411852,B
RSL20000930A_T18_094505.aif,55.57721925,C
RSL20000930A_T18_094505.aif,57.83193257,A
RSL20000930A_T18_094505.aif,59.73526200,B
RSL20000930A_T18_094505.aif,61.02366961,C
RSL20000930A_T18_094505.aif,64.91817444,E
RSL20000930A_T18_094505.aif,67.08504178,R
RSL20000930A_T18_094505.aif,71.30164851,A
RSL20000930A_T18_094505.aif,73.43923387,B
RSL20000930A_T18_094505.aif,74.55194953,C
RSL20000930A_T18_094505.aif,76.80666285,A
RSL20000930A_T18_094505.aif,78.91496622,B
RSL20000930A_T18_094505.aif,80.26193781,C
RSL20000930A_T18_094505.aif,83.86362273,E
RSL20000930A_T18_094505.aif,86.11833605,E
RSL20000930A_T18_094505.aif,90.71560866,A
RSL20000930A_T18_094505.aif,93.90734570,S
RSL20000930A_T18_094505.aif,96.63057088,A
RSL20000930A_T18_094505.aif,99.91015389,S
RSL20000930A_T18_094505.aif,103.74609473,E
RSL20000930A_T18_094505.aif,106.14721801,E
RSL20000930A_T18_094505.aif,110.21741478,A
RSL20000930A_T18_094505.aif,113.35058784,S
RSL20000930A_T18_094505.aif,116.30806895,A
RSL20000930A_T18_094505.aif,119.88047187,S
RSL20000930A_T18_094505.aif,123.62856674,E
RSL20000930A_T18_094505.aif,126.14681798,E
RSL20000930A_T18_094505.aif,130.24629675,A
RSL20000930A_T18_094505.aif,133.14521387,B
RSL20000930A_T18_094505.aif,134.11151958,C
RSL20000930A_T18_094505.aif,136.51264286,A
RSL20000930A_T18_094505.aif,138.82592016,B
RSL20000930A_T18_094505.aif,139.85078985,C
RSL20000930A_T18_094505.aif,143.68673070,E
RSL20000930A_T18_094505.aif,145.67790610,R
RSL20000930A_T18_094505.aif,149.95307681,A
RSL20000930A_T18_094505.aif,152.88127593,S
RSL20000930A_T18_094505.aif,155.83875704,A
RSL20000930A_T18_094505.aif,158.73767416,S
RSL20000930A_T18_094505.aif,163.07140886,E
RSL20000930A_T18_094505.aif,165.41396815,R
RSL20000930A_T18_094505.aif,169.01565306,A
RSL20000930A_T18_094505.aif,171.91457019,S
RSL20000930A_T18_094505.aif,175.10630723,A
RSL20000930A_T18_094505.aif,177.47814851,B
RSL20000930A_T18_094505.aif,178.88368409,C
RSL20000930A_T18_094505.aif,182.30967706,E
RSL20000930A_T18_094505.aif,184.88649228,E
RSL20000930A_T18_094505.aif,188.66386914,A
RSL20000930A_T18_094505.aif,191.88488817,S
RSL20000930A_T18_094505.aif,194.54954937,A
RSL20000930A_T18_094505.aif,197.24349256,S
RSL20000930A_T18_094505.aif,201.95789314,E
RSL20000930A_T18_094505.aif,204.18332447,R
RSL20000930A_T18_094505.aif,208.51705916,A
RSL20000930A_T18_094505.aif,211.70879620,S
RSL20000930A_T18_094505.aif,213.96350952,A
RSL20000930A_T18_094505.aif,216.59888872,S
RSL20000930A_T18_094505.aif,221.22544333,E
RSL20000930A_T18_094505.aif,223.33374669,R
RSL20000930A_T18_094505.aif,227.46250745,A
RSL20000930A_T18_094505.aif,230.44927055,S
RSL20000930A_T18_094505.aif,233.52387962,A
RSL20000930A_T18_094505.aif,235.45649104,B
RSL20000930A_T18_094505.aif,236.97915458,C
RSL20000930A_T18_094505.aif,240.55155751,E
RSL20000930A_T18_094505.aif,242.80627083,R
RSL20000930A_T18_094505.aif,246.84718561,A
RSL20000930A_T18_094505.aif,249.16046291,B
RSL20000930A_T18_094505.aif,250.50743451,C
RSL20000930A_T18_094505.aif,252.49860991,A
RSL20000930A_T18_094505.aif,254.92901517,B
RSL20000930A_T18_094505.aif,255.95388486,C
RSL20000930A_T18_094505.aif,259.78982571,E
RSL20000930A_T18_094505.aif,261.92741106,E
RSL20000930A_T18_094505.aif,266.11473580,A
RSL20000930A_T18_094505.aif,268.63298704,B
RSL20000930A_T18_094505.aif,269.77498470,C
RSL20000930A_T18_094505.aif,271.79544209,A
RSL20000930A_T18_094505.aif,273.66948953,B
RSL20000930A_T18_094505.aif,274.95789714,C
RSL20000930A_T18_094505.aif,278.61814603,E
RSL20000930A_T18_094505.aif,280.98998732,R
RSL20000930A_T18_094505.aif,285.00162011,A
RSL20000930A_T18_094505.aif,286.75853958,B
RSL20000930A_T18_094505.aif,287.78340927,C
RSL20000930A_T18_094505.aif,288.83756095,D
RSL20000930A_T18_094505.aif,290.21381454,A
RSL20000930A_T18_094505.aif,291.73647808,B
RSL20000930A_T18_094505.aif,292.90775773,C
RSL20000930A_T18_094505.aif,294.66467720,A
RSL20000930A_T18_094505.aif,296.09949477,B
RSL20000930A_T18_094505.aif,297.24149242,C
RSL20000930A_T18_094505.aif,298.00282419,D
